Datetime,Voltage,Current,Power,Panel_State
10-03-2023 08:00,19.57165,1.3399,26.22405384,1
10-03-2023 08:00,19.6791,1.3421,26.41132011,0
10-03-2023 09:00,19.08262727,2.104690909,40.16303214,1
10-03-2023 09:00,19.15254545,2.144227273,41.06741031,0
10-03-2023 10:00,19.333625,2.22975,43.10915034,1
10-03-2023 10:00,19.3536,2.2775,44.077824,0
10-03-2023 11:00,19.17554167,2.220933333,42.58759967,1
10-03-2023 11:00,19.15189167,2.270566667,43.48564682,0
10-03-2023 12:00,19.01763333,2.200825,41.85448288,1
10-03-2023 12:00,18.98488333,2.251058333,42.73607983,0
10-03-2023 13:00,19.10238333,2.210325,42.22247544,1
10-03-2023 13:00,19.076625,2.261358333,43.13908492,0
10-03-2023 14:00,18.8190375,2.1773,40.97469035,1
10-03-2023 14:00,18.7678375,2.2280875,41.81638414,0
11-03-2023 11:00,19.31985,2.2333,43.14702101,1
11-03-2023 11:00,19.2654,2.292,44.1562968,0
11-03-2023 12:00,18.80541429,2.171842857,40.84240469,1
11-03-2023 12:00,18.77545714,2.2282,41.83547361,0
11-03-2023 13:00,18.04754286,2.083857143,37.60850109,1
11-03-2023 13:00,18.00042857,2.137557143,38.47694467,0
11-03-2023 14:00,18.39665833,2.1236,39.06714364,1
11-03-2023 14:00,18.32410833,2.178616667,39.92120782,0
11-03-2023 15:00,18.418225,2.130508333,39.24018185,1
11-03-2023 15:00,18.33958333,2.186275,40.09537255,0
11-03-2023 16:00,17.85075455,2.068918182,36.93175064,1
11-03-2023 16:00,17.80872727,2.122563636,37.80015692,0
12-03-2023 08:00,19.28478,2.23936,43.18556494,1
12-03-2023 08:00,19.3657,2.2956,44.45590092,0
12-03-2023 09:00,19.33271667,2.241533333,43.33492883,1
12-03-2023 09:00,19.38884167,2.297633333,44.54844891,0
12-03-2023 10:00,19.19805833,2.224966667,42.71503986,1
12-03-2023 10:00,19.22378333,2.280358333,43.83711452,0
12-03-2023 11:00,19.1863,2.219666667,42.58719057,1
12-03-2023 11:00,19.15184167,2.274833333,43.56724782,0
12-03-2023 12:00,19.03981667,2.201383333,41.91393508,1
12-03-2023 12:00,19.00684167,2.256358333,42.88624558,0
12-03-2023 13:00,19.109325,2.207483333,42.18351645,1
12-03-2023 13:00,19.05299167,2.262675,43.11072792,0
12-03-2023 14:00,19.09921667,2.205741667,42.127938,1
12-03-2023 14:00,19.023925,2.260766667,43.00865551,0
12-03-2023 15:00,18.99324545,2.190345455,41.60176885,1
12-03-2023 15:00,18.89425455,2.245036364,42.41828852,0
12-03-2023 16:00,17.69394,2.04446,36.17455257,1
12-03-2023 16:00,17.54334,2.09469,36.74785886,0
13-03-2023 12:00,18.96178,2.19292,41.5816666,1
13-03-2023 12:00,18.91506,2.24614,42.48587287,0
13-03-2023 13:00,18.9647,2.192383333,41.5778922,1
13-03-2023 13:00,18.93685,2.245183333,42.51670001,0
13-03-2023 14:00,18.9662,2.1913,41.56063406,1
13-03-2023 14:00,18.87093333,2.244533333,42.3564389,0
13-03-2023 15:00,18.92341667,2.184966667,41.34703464,1
13-03-2023 15:00,18.78638333,2.237966667,42.04329969,0
13-03-2023 16:00,17.6938,2.0468,36.21566984,1
13-03-2023 16:00,17.51646,2.09552,36.70609226,0
14-03-2023 08:00,19.0478,2.20725,42.04325655,1
14-03-2023 08:00,19.07695,2.2607,43.12726087,0
14-03-2023 09:00,19.19345,2.223533333,42.67727586,1
14-03-2023 09:00,19.23045,2.27725,43.79254226,0
14-03-2023 10:00,18.99058333,2.197033333,41.7229446,1
14-03-2023 10:00,18.97676667,2.2496,42.69013429,0
14-03-2023 11:00,18.9926,2.1943,41.67546218,1
14-03-2023 11:00,18.9491,2.2481,42.59947171,0
15-03-2023 09:00,19.3529,2.2452,43.45113108,1
15-03-2023 09:00,19.434,2.2995,44.688483,0
15-03-2023 11:00,19.13412,2.21854,42.44981058,1
15-03-2023 11:00,19.16436,2.27806,43.65756194,0
15-03-2023 12:00,19.12684,2.2109,42.28753056,1
15-03-2023 12:00,19.0309,2.26938,43.18834384,0
15-03-2023 13:00,19.18415,2.216383333,42.51943032,1
15-03-2023 13:00,19.06881667,2.275633333,43.39363483,0
15-03-2023 14:00,19.09847143,2.205742857,42.12631694,1
15-03-2023 14:00,18.97364286,2.264971429,42.97475897,0
15-03-2023 15:00,18.81991667,2.173683333,40.90853919,1
15-03-2023 15:00,18.67978333,2.231366667,41.68144587,0
15-03-2023 16:00,17.8032,2.05665,36.61495128,1
15-03-2023 16:00,17.5654,2.110275,37.06782449,0
16-03-2023 09:00,19.39605,2.24825,43.60716941,1
16-03-2023 09:00,19.40035,2.30785,44.77309775,0
16-03-2023 13:00,19.113225,2.207625,42.19483334,1
16-03-2023 13:00,19.0614875,2.266425,43.20143181,0
16-03-2023 14:00,18.99575,2.19625,41.71941594,1
16-03-2023 14:00,18.9248,2.254725,42.67021968,0
16-03-2023 15:00,18.76101429,2.1665,40.64573745,1
16-03-2023 15:00,18.64648571,2.224342857,41.47617731,0
17-03-2023 09:00,17.61555,2.03365,35.82386326,1
17-03-2023 09:00,17.33045,2.0864,36.15825088,0
17-03-2023 10:00,17.6784,2.0401,36.06570384,1
17-03-2023 10:00,17.3666,2.0934,36.35524044,0
17-03-2023 11:00,19.00462,2.1939,41.69423582,1
17-03-2023 11:00,18.94066,2.24862,42.59034689,0
17-03-2023 12:00,18.78296667,2.164833333,40.66199234,1
17-03-2023 12:00,18.68125,2.21045,41.29396906,0
17-03-2023 13:00,18.95138333,2.184683333,41.40277131,1
17-03-2023 13:00,18.85878333,2.230733333,42.06891661,0
17-03-2023 14:00,18.17296,2.08762,37.93823476,1
17-03-2023 14:00,17.96382,2.131,38.28090042,0
17-03-2023 15:00,18.1798,2.0948,38.08304504,1
17-03-2023 15:00,17.9994,2.1393,38.50611642,0
17-03-2023 16:00,18.7839,2.158,40.5356562,1
17-03-2023 16:00,18.6707,2.2041,41.15208987,0
18-03-2023 09:00,18.344325,2.1097,38.70102245,1
18-03-2023 09:00,18.217575,2.15345,39.23063688,0
18-03-2023 10:00,18.9657,2.1786,41.31867402,1
18-03-2023 10:00,18.82425,2.22435,41.87172049,0
18-03-2023 11:00,19.09274,2.20246,42.05099614,1
18-03-2023 11:00,19.1457,2.24902,43.05906221,0
18-03-2023 12:00,17.84055,2.055575,36.67258857,1
18-03-2023 12:00,17.708525,2.098225,37.15646987,0
18-03-2023 13:00,18.43646667,2.123216667,39.1446133,1
18-03-2023 13:00,18.3533,2.167333333,39.77771887,0
18-03-2023 14:00,18.12496667,2.086366667,37.81532629,1
18-03-2023 14:00,17.98826667,2.1297,38.30961152,0
18-03-2023 15:00,18.8599,2.1694,40.91466706,1
18-03-2023 15:00,18.7465,2.2155,41.53287075,0
18-03-2023 16:00,18.28083333,2.1015,38.41717125,1
18-03-2023 16:00,18.066,2.145633333,38.7630118,0
19-03-2023 09:00,18.023625,2.092925,37.72209535,1
19-03-2023 09:00,18.19835,2.13935,38.93264007,0
19-03-2023 10:00,18.78876667,2.168016667,40.73435928,1
19-03-2023 10:00,18.80553333,2.216883333,41.68967342,0
19-03-2023 11:00,19.0516,2.1992,41.89827872,1
19-03-2023 11:00,19.12528333,2.249233333,43.01722478,0
19-03-2023 12:00,18.32178333,2.116183333,38.77225253,1
19-03-2023 12:00,18.33006667,2.1632,39.65160021,0
19-03-2023 13:00,18.51638333,2.133333333,39.50161778,1
19-03-2023 13:00,18.47265,2.181233333,40.29315993,0
19-03-2023 14:00,18.23142,2.09092,38.12044071,1
19-03-2023 14:00,18.17142,2.13768,38.84468111,0
19-03-2023 15:00,19.1586,2.1901,41.95924986,1
19-03-2023 15:00,19.10853333,2.239566667,42.7948343,0
19-03-2023 16:00,4.8345,0.6213,3.00367485,1
19-03-2023 16:00,4.8472,0.6331,3.06876232,0
20-03-2023 08:00,18.77555,2.15955,40.546739,1
20-03-2023 08:00,18.79,2.20885,41.5042915,0
20-03-2023 09:00,19.48336667,2.233866667,43.52324335,1
20-03-2023 09:00,19.52683333,2.2851,44.62076685,0
20-03-2023 10:00,19.26891667,2.20765,42.53902388,1
20-03-2023 10:00,19.31026667,2.258116667,43.604835,0
20-03-2023 11:00,19.05495,2.1849,41.63316026,1
20-03-2023 11:00,19.06031667,2.2348,42.59599569,0
20-03-2023 12:00,18.81526667,2.152383333,40.49766639,1
20-03-2023 12:00,18.80476667,2.20295,41.42596073,0
20-03-2023 13:00,19.12675,2.191283333,41.9121285,1
20-03-2023 13:00,19.05588333,2.244966667,42.77982289,0
20-03-2023 14:00,17.77166,2.03768,36.21295615,1
20-03-2023 14:00,17.70706,2.08724,36.95888391,0
20-03-2023 15:00,18.04262,2.0704,37.35544045,1
20-03-2023 15:00,18.04464,2.1201,38.25644126,0
20-03-2023 16:00,17.6687,2.0323,35.90809901,1
20-03-2023 16:00,17.63346667,2.080233333,36.68172514,0
21-03-2023 08:00,19.23216667,2.2069,42.44346862,1
21-03-2023 08:00,19.30606667,2.259633333,43.62463178,0
21-03-2023 09:00,19.4308,2.237,43.4666996,1
21-03-2023 09:00,19.602,2.29094,44.90700588,0
21-03-2023 10:00,19.20504,2.2149,42.5372431,1
21-03-2023 10:00,19.37484,2.26882,43.95802449,0
21-03-2023 11:00,18.9899,2.191283333,41.61225137,1
21-03-2023 11:00,19.1433,2.243816667,42.9540556,0
21-03-2023 12:00,18.8408,2.1712,40.90714496,1
21-03-2023 12:00,18.8815,2.223583333,41.98458871,0
21-03-2023 13:00,18.78716667,2.159533333,40.57151266,1
21-03-2023 13:00,18.79831667,2.210683333,41.55712535,0
21-03-2023 14:00,18.78493333,2.1544,40.47026037,1
21-03-2023 14:00,18.76551667,2.206083333,41.39829356,0
21-03-2023 15:00,18.80486667,2.155383333,40.5316962,1
21-03-2023 15:00,18.7271,2.206933333,41.32946123,0
21-03-2023 16:00,17.7798,2.04162,36.29959528,1
21-03-2023 16:00,17.7237,2.0942,37.11697254,0
22-03-2023 08:00,18.55273333,2.130466667,39.52597994,1
22-03-2023 08:00,18.54896667,2.174533333,40.33534632,0
22-03-2023 09:00,18.44975,2.121733333,39.14544957,1
22-03-2023 09:00,18.48223333,2.164583333,40.00633424,0
22-03-2023 10:00,19.1383,2.19878,42.08091127,1
22-03-2023 10:00,19.17774,2.24418,43.03830055,0
22-03-2023 11:00,18.36625,2.115833333,38.85992396,1
22-03-2023 11:00,18.38545,2.1649,39.80266071,0
22-03-2023 12:00,18.94801667,2.18045,41.31520294,1
22-03-2023 12:00,18.96448333,2.234,42.36665577,0
22-03-2023 13:00,18.43013333,2.124183333,39.14898206,1
22-03-2023 13:00,18.42526667,2.174383333,40.06359275,0
22-03-2023 14:00,18.88361667,2.161266667,40.81253125,1
22-03-2023 14:00,18.84441667,2.213116667,41.7048926,0
22-03-2023 15:00,17.74001667,2.036733333,36.13168328,1
22-03-2023 15:00,17.69603333,2.08385,36.87587906,0
23-03-2023 08:00,17.5827,2.0213,35.53991151,1
23-03-2023 08:00,17.4901,2.0692,36.19051492,0
23-03-2023 09:00,18.54583333,2.131983333,39.53940757,1
23-03-2023 09:00,18.5664,2.183266667,40.53540224,0
23-03-2023 10:00,18.88831667,2.175283333,41.08744044,1
23-03-2023 10:00,18.93038333,2.227783333,42.17279248,0
23-03-2023 11:00,19.0561,2.195916667,41.84560759,1
23-03-2023 11:00,19.11831667,2.2474,42.96650488,0
23-03-2023 12:00,18.86071667,2.1685,40.89946409,1
23-03-2023 12:00,18.79396667,2.217933333,41.68376514,0
23-03-2023 13:00,18.97946,2.17568,41.29323153,1
23-03-2023 13:00,18.88246,2.22606,42.03348891,0
24-03-2023 08:00,18.81516667,2.164433333,40.72417391,1
24-03-2023 08:00,18.8537,2.215766667,41.7754,0
24-03-2023 09:00,19.10873333,2.199533333,42.03029592,1
24-03-2023 09:00,19.18315,2.251216667,43.185427,0
24-03-2023 10:00,19.0224,2.184466667,41.55379872,1
24-03-2023 10:00,19.11496667,2.2357,42.73533098,0
24-03-2023 11:00,18.96228333,2.188016667,41.48979197,1
24-03-2023 11:00,18.94523333,2.235666667,42.35522666,0
24-03-2023 12:00,18.79022,2.16836,40.74396144,1
24-03-2023 12:00,18.72374,2.21656,41.50229313,0
24-03-2023 13:00,18.77698333,2.17315,40.80520133,1
24-03-2023 13:00,18.75623333,2.220966667,41.65696903,0
24-03-2023 14:00,18.91403333,2.181433333,41.25970278,1
24-03-2023 14:00,18.851,2.2294,42.0264194,0
24-03-2023 15:00,18.72126667,2.159383333,40.42639122,1
24-03-2023 15:00,18.65783333,2.206816667,41.17441756,0
24-03-2023 16:00,17.82088,2.05934,36.69925102,1
24-03-2023 16:00,17.74222,2.10548,37.35588937,0
25-03-2023 08:00,13.35655,1.56645,20.92236775,1
25-03-2023 08:00,13.23065,1.60225,21.19880896,0
25-03-2023 09:00,18.65368333,2.156716667,40.23070974,1
25-03-2023 09:00,18.7177,2.20505,41.27346439,0
25-03-2023 10:00,19.07475,2.2073,42.10369568,1
25-03-2023 10:00,19.19856667,2.257233333,43.33564463,0
25-03-2023 11:00,19.10721667,2.21155,42.25656502,1
25-03-2023 11:00,19.23233333,2.262133333,43.50610231,0
25-03-2023 12:00,18.7346,2.170871429,40.67040787,1
25-03-2023 12:00,18.8289,2.219928571,41.79881308,0
25-03-2023 13:00,18.2441,2.1122,38.53518802,1
25-03-2023 13:00,18.25898333,2.15985,39.43666515,0
25-03-2023 14:00,18.82988571,2.1799,41.04726787,1
25-03-2023 14:00,18.90667143,2.229057143,42.144051,0
25-03-2023 15:00,18.6999,2.1592,40.37682408,1
25-03-2023 15:00,18.69953333,2.208283333,41.2938678,0
25-03-2023 16:00,17.34081667,2.005283333,34.77325065,1
25-03-2023 16:00,17.2924,2.050216667,35.45316669,0
26-03-2023 08:00,18.82645,2.17465,40.94093949,1
26-03-2023 08:00,18.85935,2.223575,41.93517918,0
26-03-2023 09:00,18.92048333,2.185483333,41.35040098,1
26-03-2023 09:00,19.0262,2.234466667,42.51340969,0
26-03-2023 10:00,18.45415,2.128683333,39.28304154,1
26-03-2023 10:00,18.49688333,2.17665,40.26124111,0
26-03-2023 11:00,18.71326667,2.150816667,40.24880583,1
26-03-2023 11:00,18.732,2.198883333,41.1894826,0
26-03-2023 12:00,18.58533333,2.136833333,39.71375978,1
26-03-2023 12:00,18.64135,2.184766667,40.7270001,0
26-03-2023 13:00,18.74392857,2.155414286,40.40093141,1
26-03-2023 13:00,18.7496,2.2047,41.33724312,0
26-03-2023 14:00,18.74318,2.15361,40.36549988,1
26-03-2023 14:00,18.70954,2.20324,41.22160691,0
26-03-2023 15:00,18.57004444,2.132977778,39.60949213,1
26-03-2023 15:00,18.51533333,2.182188889,40.40395467,0
26-03-2023 16:00,17.48623333,2.008783333,35.12605408,1
26-03-2023 16:00,17.39601667,2.054833333,35.74591491,0
26-03-2023 17:00,9.8207,1.1732,11.52164524,1
26-03-2023 17:00,9.85605,1.1979,11.80656229,0
27-03-2023 08:00,18.5225,2.136333333,39.57023417,1
27-03-2023 08:00,18.55216667,2.185433333,40.54452344,0
27-03-2023 09:00,19.15428333,2.217466667,42.47398482,1
27-03-2023 09:00,19.29308333,2.268716667,43.77053971,0
27-03-2023 10:00,19.19,2.2232,42.663208,1
27-03-2023 10:00,19.358075,2.274975,44.03913667,0
27-03-2023 11:00,18.96943333,2.19885,41.71093849,1
27-03-2023 11:00,19.13108333,2.248,43.00667533,0
27-03-2023 12:00,18.71078,2.16716,40.54925398,1
27-03-2023 12:00,18.84014,2.21578,41.74560541,0
27-03-2023 13:00,18.13741667,2.10315,38.14570786,1
27-03-2023 13:00,18.24618333,2.150166667,39.2323352,0
27-03-2023 14:00,18.48172,2.13272,39.41633388,1
27-03-2023 14:00,18.49572,2.18,40.3206696,0
27-03-2023 15:00,17.70395,2.044433333,36.19454551,1
27-03-2023 15:00,17.62411667,2.092216667,36.87347063,0
27-03-2023 16:00,17.41286,2.01064,35.01099283,1
27-03-2023 16:00,17.34866,2.05628,35.67370258,0
28-03-2023 09:00,19.03143333,2.195783333,41.78890412,1
28-03-2023 09:00,19.09015,2.245966667,42.87584056,0
28-03-2023 10:00,19.06151667,2.19675,41.87338674,1
28-03-2023 10:00,19.08296667,2.247166667,42.88260659,0
28-03-2023 11:00,19.00818333,2.194616667,41.71567595,1
28-03-2023 11:00,19.14818333,2.24535,42.99437345,0
28-03-2023 12:00,18.45778333,2.12935,39.30308094,1
28-03-2023 12:00,18.55271667,2.179583333,40.43719203,0
28-03-2023 13:00,18.00331667,2.071366667,37.29147003,1
28-03-2023 13:00,17.95496667,2.1192,38.05016536,0
28-03-2023 14:00,18.86698333,2.166383333,40.87311824,1
28-03-2023 14:00,18.82075,2.217883333,41.74222775,0
28-03-2023 15:00,18.67671667,2.144733333,40.05657679,1
28-03-2023 15:00,18.60601667,2.195116667,40.84237729,0
28-03-2023 16:00,15.93358333,1.84155,29.34249039,1
28-03-2023 16:00,15.81361667,1.882933333,29.77598594,0
28-03-2023 17:00,6.5046,0.8132,5.28954072,1
28-03-2023 17:00,6.57735,0.83045,5.462160308,0
29-03-2023 08:00,18.664425,2.15705,40.26009795,1
29-03-2023 08:00,18.74435,2.2058,41.34628723,0
29-03-2023 09:00,19.08988333,2.206516667,42.12214574,1
29-03-2023 09:00,19.25498333,2.256983333,43.45817647,0
29-03-2023 10:00,19.04738333,2.201483333,41.93249695,1
29-03-2023 10:00,19.19003333,2.25195,43.21499556,0
29-03-2023 11:00,18.8437,2.172466667,40.93731013,1
29-03-2023 11:00,18.87561667,2.2232,41.96427097,0
29-03-2023 12:00,18.7517,2.15985,40.50085925,1
29-03-2023 12:00,18.78761667,2.2088,41.49808769,0
29-03-2023 13:00,18.76235,2.157633333,40.48227177,1
29-03-2023 13:00,18.72098333,2.205133333,41.28226438,0
29-03-2023 14:00,18.86868333,2.170766667,40.95950882,1
29-03-2023 14:00,18.80565,2.2193,41.73537905,0
29-03-2023 15:00,18.78173333,2.1638,40.63991459,1
29-03-2023 15:00,18.70751667,2.213033333,41.40035797,0
29-03-2023 16:00,17.76931667,2.049483333,36.41791835,1
29-03-2023 16:00,17.66101667,2.09815,37.05546212,0
30-03-2023 08:00,17.7472,2.0443,36.28060096,1
30-03-2023 08:00,17.6368,2.1036,37.10077248,0
30-03-2023 09:00,19.00508333,2.2013,41.83588994,1
30-03-2023 09:00,19.10306667,2.266366667,43.29455352,0
30-03-2023 10:00,19.06618,2.2022,41.9875416,1
30-03-2023 10:00,19.06614,2.2678,43.23819229,0
30-03-2023 11:00,18.94061667,2.184533333,41.37640846,1
30-03-2023 11:00,18.94286667,2.248333333,42.58987856,0
30-03-2023 12:00,18.86388333,2.175416667,41.0368062,1
30-03-2023 12:00,18.84458333,2.23825,42.17888865,0
30-03-2023 13:00,18.76164286,2.167542857,40.66666496,1
30-03-2023 13:00,18.8064,2.229242857,41.92403287,0
30-03-2023 14:00,18.77422,2.16398,40.6270366,1
30-03-2023 14:00,18.72816,2.2255,41.67952008,0
30-03-2023 15:00,18.66483333,2.152116667,40.1688989,1
30-03-2023 15:00,18.6063,2.1961,40.86129543,0
30-03-2023 16:00,17.906275,2.064,36.9585516,1
30-03-2023 16:00,17.7908,2.08965,37.17654522,0
31-03-2023 08:00,18.189525,2.103525,38.26212058,1
31-03-2023 08:00,18.167175,2.13135,38.72060844,0
31-03-2023 09:00,18.5214,2.13885,39.61449639,1
31-03-2023 09:00,18.56041667,2.167116667,40.2225883,0
31-03-2023 10:00,18.6741,2.154333333,40.2302361,1
31-03-2023 10:00,18.7694,2.181266667,40.94106657,0
31-03-2023 11:00,18.8238,2.174783333,40.93768651,1
31-03-2023 11:00,18.95111667,2.19665,41.62897043,0
31-03-2023 12:00,18.8741,2.183616667,41.21379933,1
31-03-2023 12:00,18.9876,2.198233333,41.73917524,0
31-03-2023 13:00,18.52588,2.15142,39.85694875,1
31-03-2023 13:00,18.60342,2.16398,40.25742881,0
01-04-2023 12:00,18.40378333,2.123583333,39.08196756,1
01-04-2023 12:00,18.47203333,2.136633333,39.46796215,0
01-04-2023 13:00,18.116275,2.090925,37.8797723,1
01-04-2023 13:00,18.0888,2.103925,38.05747854,0
01-04-2023 14:00,18.36296667,2.122233333,38.97049996,1
01-04-2023 14:00,18.39716667,2.135233333,39.28224351,0
01-04-2023 16:00,18.1113,2.09545,37.95132358,1
01-04-2023 16:00,18.053,2.10855,38.06565315,0
02-04-2023 08:00,18.24244,2.112,38.52803328,1
02-04-2023 08:00,18.22638,2.1261,38.75110652,0
02-04-2023 09:00,18.61004,2.15676,40.13738987,1
02-04-2023 09:00,18.69612,2.17092,40.58778083,0
02-04-2023 10:00,18.39685,2.127616667,39.14144467,1
02-04-2023 10:00,18.4518,2.1417,39.51822006,0
02-04-2023 11:00,18.94711667,2.194616667,41.58165802,1
02-04-2023 11:00,19.14851667,2.209116667,42.30130731,0
02-04-2023 12:00,18.68746667,2.162883333,40.4188102,1
02-04-2023 12:00,18.86911667,2.177683333,41.09096088,0
02-04-2023 13:00,18.88963333,2.179566667,41.17121516,1
02-04-2023 13:00,19.02698333,2.1947,41.75852032,0
02-04-2023 14:00,18.689625,2.161425,40.39622272,1
02-04-2023 14:00,18.85005,2.1759,41.01582379,0
02-04-2023 15:00,19.1004,2.2034,42.08582136,1
02-04-2023 15:00,19.0861,2.2196,42.36350756,0
03-04-2023 08:00,18.38174,2.13794,39.29905722,1
03-04-2023 08:00,18.46984,2.1528,39.76187155,0
03-04-2023 09:00,18.91135,2.1984,41.57471184,1
03-04-2023 09:00,19.08613333,2.21375,42.25192767,0
03-04-2023 10:00,18.98324,2.19534,41.6746661,1
03-04-2023 10:00,19.05008,2.21142,42.12772791,0
03-04-2023 11:00,18.45818333,2.135333333,39.41437414,1
03-04-2023 11:00,18.5048,2.150516667,39.79488081,0
03-04-2023 12:00,18.73481667,2.165816667,40.57617818,1
03-04-2023 12:00,18.7545,2.18285,40.93826032,0
03-04-2023 13:00,18.39956667,2.134033333,39.26528859,1
03-04-2023 13:00,18.437,2.14875,39.61650375,0
03-04-2023 14:00,17.67435,2.043925,36.12504582,1
03-04-2023 14:00,17.6172,2.060375,36.29803845,0
03-04-2023 16:00,17.7034,2.052025,36.32781939,1
03-04-2023 16:00,17.6652,2.069125,36.55150695,0
03-04-2023 17:00,5.2977,0.6837,3.62203749,1
03-04-2023 17:00,5.3872,0.6866,3.69885152,0
04-04-2023 08:00,18.16893333,2.113466667,38.39943497,1
04-04-2023 08:00,18.15053333,2.1366,38.78042952,0
04-04-2023 09:00,19.26776,2.24632,43.28155464,1
04-04-2023 09:00,19.4197,2.2706,44.09437082,0
04-04-2023 10:00,18.2239,2.1309,38.83330851,1
04-04-2023 10:00,18.30796,2.15222,39.40275767,0
04-04-2023 11:00,18.8822,2.207816667,41.68843586,1
04-04-2023 11:00,19.0451,2.229116667,42.45374983,0
04-04-2023 12:00,18.56408333,2.1597,40.09285077,1
04-04-2023 12:00,18.72363333,2.184633333,40.9042735,0
04-04-2023 13:00,18.61596,2.165,40.3035534,1
04-04-2023 13:00,18.7225,2.18926,40.98842035,0
04-04-2023 14:00,18.78616,2.17844,40.92452239,1
04-04-2023 14:00,18.8275,2.2032,41.480748,0
04-04-2023 15:00,18.62804,2.15706,40.18179996,1
04-04-2023 15:00,18.63522,2.1813,40.64900539,0
04-04-2023 16:00,16.6731,1.9415,32.37082365,1
04-04-2023 16:00,16.73355,1.9645,32.87305898,0
05-04-2023 08:00,18.51994,2.15358,39.88417239,1
05-04-2023 08:00,18.67246,2.1792,40.69102483,0
05-04-2023 09:00,18.96168333,2.206466667,41.83832222,1
05-04-2023 09:00,19.19358333,2.2324,42.84775543,0
05-04-2023 10:00,18.88063333,2.19955,41.52889705,1
05-04-2023 10:00,19.09855,2.226283333,42.51878356,0
05-04-2023 11:00,18.80026667,2.190466667,41.18135746,1
05-04-2023 11:00,18.96146667,2.2169,42.03567545,0
05-04-2023 13:00,18.56152,2.16234,40.13631716,1
05-04-2023 13:00,18.68074,2.1854,40.8248892,0
05-04-2023 14:00,18.61081667,2.166866667,40.32715827,1
05-04-2023 14:00,18.67005,2.1903,40.89301052,0
05-04-2023 15:00,18.14615,2.114375,38.36776591,1
05-04-2023 15:00,18.12475,2.136025,38.71491912,0
05-04-2023 16:00,15.64803333,1.8309,28.64998423,1
05-04-2023 16:00,15.51636667,1.848833333,28.68717591,0
05-04-2023 17:00,6.4868,0.832,5.3970176,1
05-04-2023 17:00,6.792,0.8405,5.708676,0
06-04-2023 08:00,17.965725,2.098475,37.70062477,1
06-04-2023 08:00,17.983025,2.120675,38.13615154,0
06-04-2023 09:00,18.98373333,2.219666667,42.13756009,1
06-04-2023 09:00,19.18031667,2.24345,43.03008143,0
06-04-2023 10:00,18.88301667,2.209366667,41.71950759,1
06-04-2023 10:00,19.10013333,2.236016667,42.70821647,0
06-04-2023 11:00,18.08155,2.1151,38.24428641,1
06-04-2023 11:00,18.20651667,2.141133333,38.98257972,0
06-04-2023 12:00,18.50445,2.15895,39.95018233,1
06-04-2023 12:00,18.59131667,2.185383333,40.62915359,0
06-04-2023 13:00,18.5995,2.172016667,40.39842399,1
06-04-2023 13:00,18.7222,2.199033333,41.17074187,0
06-04-2023 14:00,18.61091667,2.169633333,40.37886516,1
06-04-2023 14:00,18.66028333,2.1964,40.98544631,0
06-04-2023 15:00,18.42936667,2.1523,39.66552588,1
06-04-2023 15:00,18.45303333,2.17935,40.2156182,0
06-04-2023 16:00,17.4127,2.03408,35.41882482,1
06-04-2023 16:00,17.3574,2.05894,35.73784516,0
07-04-2023 08:00,18.99592,2.2221,42.21083383,1
07-04-2023 08:00,19.13398,2.25086,43.06791022,0
07-04-2023 09:00,18.64551667,2.182233333,40.68886799,1
07-04-2023 09:00,18.77938333,2.209916667,41.50087222,0
07-04-2023 10:00,18.74486667,2.1883,41.01939173,1
07-04-2023 10:00,18.7904,2.216233333,41.64391083,0
07-04-2023 11:00,18.33368,2.14428,39.31254335,1
07-04-2023 11:00,18.3904,2.17082,39.92224813,0
07-04-2023 12:00,19.0508,2.22422,42.37317038,1
07-04-2023 12:00,19.11418,2.24476,42.9067467,0
07-04-2023 13:00,17.99343333,2.10355,37.85008669,1
07-04-2023 13:00,17.972,2.118966667,38.08206893,0
07-04-2023 14:00,18.64413333,2.179483333,40.63457786,1
07-04-2023 14:00,18.68081667,2.194866667,41.00190181,0
07-04-2023 15:00,18.60638,2.17252,40.42273268,1
07-04-2023 15:00,18.5967,2.18726,40.67581804,0
07-04-2023 16:00,17.86975,2.0877,37.30667707,1
07-04-2023 16:00,17.79695,2.100125,37.37581962,0
08-04-2023 08:00,19.19213333,2.2399,42.98845945,1
08-04-2023 08:00,19.30923333,2.252,43.48439347,0
08-04-2023 09:00,18.4713,2.149,39.6948237,1
08-04-2023 09:00,18.50376667,2.159866667,39.96566883,0
08-04-2023 10:00,17.59518,2.05034,36.07610136,1
08-04-2023 10:00,17.61476,2.06002,36.2867579,0
08-04-2023 11:00,19.08906,2.22112,42.39909295,1
08-04-2023 11:00,19.25048,2.23232,42.97323151,0
08-04-2023 12:00,18.92805,2.2,41.64171,1
08-04-2023 12:00,19.02156667,2.211366667,42.06365847,0
08-04-2023 13:00,18.31488333,2.131316667,39.0348161,1
08-04-2023 13:00,18.39796667,2.142316667,39.41427062,0
08-04-2023 14:00,18.407825,2.137275,39.34258418,1
08-04-2023 14:00,18.383375,2.148125,39.48978742,0
08-04-2023 15:00,18.38476667,2.135266667,39.25637944,1
08-04-2023 15:00,18.36588333,2.145333333,39.40094171,0
08-04-2023 16:00,18.23946667,2.119433333,38.65733364,1
08-04-2023 16:00,18.22896667,2.129933333,38.82648374,0
09-04-2023 08:00,17.94143333,2.088766667,37.4754679,1
09-04-2023 08:00,17.8653,2.099466667,37.50760184,0
09-04-2023 09:00,18.17186,2.11602,38.4520192,1
09-04-2023 09:00,18.24328,2.1262,38.78886194,0
09-04-2023 10:00,19.08121667,2.219566667,42.35203247,1
09-04-2023 10:00,19.20763333,2.23005,42.83398272,0
09-04-2023 11:00,18.66135,2.17335,40.55764502,1
09-04-2023 11:00,18.80015,2.18375,41.05482756,0
09-04-2023 12:00,18.72753333,2.177316667,40.77577045,1
09-04-2023 12:00,18.79891667,2.187666667,41.12576336,0
09-04-2023 13:00,18.52973333,2.156166667,39.95319336,1
09-04-2023 13:00,18.60885,2.16615,40.30956043,0
09-04-2023 14:00,18.69168333,2.170583333,40.57185632,1
09-04-2023 14:00,18.70011667,2.18055,40.7765394,0
09-04-2023 15:00,18.70736667,2.1703,40.60059788,1
09-04-2023 15:00,18.68901667,2.180566667,40.75264678,0
09-04-2023 16:00,18.1209,2.10106,38.07309815,1
09-04-2023 16:00,18.01304,2.1105,38.01652092,0
10-04-2023 08:00,18.65795,2.171025,40.5068759,1
10-04-2023 08:00,18.62375,2.1814,40.62584825,0
10-04-2023 09:00,19.38256,2.25884,43.78210183,1
10-04-2023 09:00,19.57268,2.27028,44.43546395,0
10-04-2023 10:00,19.0186,2.21515,42.12905179,1
10-04-2023 10:00,19.1221,2.22685,42.58204839,0
10-04-2023 11:00,19.14745,2.11335,40.46526346,1
10-04-2023 11:00,18.931125,2.155375,40.80367355,0
10-04-2023 12:00,19.0309,2.04975,39.00858728,1
10-04-2023 12:00,18.81416667,2.129316667,40.06131865,0
10-04-2023 13:00,18.50475,2.000866667,37.02553745,1
10-04-2023 13:00,18.24755,2.068166667,37.73897466,0
10-04-2023 14:00,19.07245,2.066033333,39.40431745,1
10-04-2023 14:00,18.88308333,2.12915,40.20491688,0
10-04-2023 15:00,18.9656,2.04885,38.85766956,1
10-04-2023 15:00,18.734,2.099316667,39.32859843,0
10-04-2023 16:00,17.86703333,1.904266667,34.02359601,1
10-04-2023 16:00,17.3068,1.973333333,34.15208533,0
10-04-2023 17:00,13.5441,1.4459,19.58341419,1
10-04-2023 17:00,12.4431,1.4464,17.99769984,0
11-04-2023 08:00,16.35131667,1.747733333,28.57774118,1
11-04-2023 08:00,15.78555,1.805833333,28.50607238,0
11-04-2023 09:00,19.3327,2.057216667,39.77155265,1
11-04-2023 09:00,19.32871667,2.19235,42.37531198,0
11-04-2023 10:00,19.19476667,2.045783333,39.26833373,1
11-04-2023 10:00,19.19036667,2.17775,41.79182101,0
11-04-2023 11:00,19.09786667,2.03895,38.93959524,1
11-04-2023 11:00,18.98228333,2.105,39.95770642,0
11-04-2023 12:00,19.03445,2.033116667,38.69925754,1
11-04-2023 12:00,18.87896667,2.098066667,39.60933066,0
11-04-2023 13:00,18.96155,2.026316667,38.42210479,1
11-04-2023 13:00,18.80006667,2.0961,39.40681974,0
11-04-2023 14:00,19.00175,2.030383333,38.5808365,1
11-04-2023 14:00,18.80306667,2.0971,39.43191111,0
11-04-2023 15:00,18.9647,2.026033333,38.42311436,1
11-04-2023 15:00,18.7491,2.09105,39.20530555,0
11-04-2023 16:00,17.90595,1.919183333,34.36480081,1
11-04-2023 16:00,17.4997,1.958866667,34.27957901,0
11-04-2023 17:00,13.2068,1.439,19.0045852,1
11-04-2023 17:00,12.5903,1.4348,18.06456244,0
12-04-2023 08:00,19.17965,2.046683333,39.25466999,1
12-04-2023 08:00,19.0598,2.126416667,40.52907638,0
12-04-2023 09:00,19.29343333,2.059983333,39.74415111,1
12-04-2023 09:00,19.35026667,2.161183333,41.81947382,0
12-04-2023 10:00,19.10681667,2.0412,39.00083418,1
12-04-2023 10:00,19.04743333,2.1305,40.58055672,0
12-04-2023 11:00,19.00034,2.03112,38.59197058,1
12-04-2023 11:00,18.87926,2.11152,39.86393508,0
12-04-2023 12:00,18.93046667,2.02305,38.29728059,1
12-04-2023 12:00,18.79873333,2.101333333,39.50240498,0
12-04-2023 13:00,18.92373333,2.021316667,38.25085758,1
12-04-2023 13:00,18.75595,2.09815,39.35279649,0
12-04-2023 14:00,18.90336667,2.019733333,38.17975977,1
12-04-2023 14:00,18.69268333,2.092783333,39.11973614,0
12-04-2023 15:00,18.81595,2.010566667,37.83072187,1
12-04-2023 15:00,18.58211667,2.08205,38.68889601,0
12-04-2023 16:00,17.82208333,1.9096,34.03305033,1
12-04-2023 16:00,17.34675,1.949333333,33.814598,0
12-04-2023 17:00,8.07325,0.913783333,7.377201296,1
12-04-2023 17:00,7.7816,0.907216667,7.059597213,0
12-04-2023 18:00,2.1226,0.3033,0.64378458,1
12-04-2023 18:00,2.0789,0.2951,0.61348339,0
13-04-2023 08:00,19.2082,2.0486,39.34991852,1
13-04-2023 08:00,19.04718333,2.122683333,40.43113861,0
13-04-2023 09:00,19.32435,2.0627,39.86033675,1
13-04-2023 09:00,19.37141667,2.156933333,41.78285432,0
13-04-2023 10:00,19.03528333,2.034183333,38.7212561,1
13-04-2023 10:00,19.10065,2.131616667,40.71526388,0
13-04-2023 11:00,18.87954,2.0182,38.10268763,1
13-04-2023 11:00,18.778,2.11166,39.65275148,0
13-04-2023 12:00,18.80643333,2.00915,37.78494553,1
13-04-2023 12:00,18.69045,2.115166667,39.53341682,0
13-04-2023 13:00,18.82011667,2.0109,37.84537261,1
13-04-2023 13:00,18.647,2.11545,39.44679615,0
13-04-2023 14:00,18.84858333,2.015,37.97989542,1
13-04-2023 14:00,18.64731667,2.111633333,39.37629545,0
13-04-2023 15:00,18.69983333,1.999933333,37.39842001,1
13-04-2023 15:00,18.44105,2.09015,38.54456066,0
13-04-2023 16:00,17.46103333,1.8745,32.73070698,1
13-04-2023 16:00,16.90595,1.916266667,32.39630845,0
13-04-2023 17:00,7.51345,0.857333333,6.441531133,1
13-04-2023 17:00,7.069866667,0.847566667,5.992183324,0
13-04-2023 18:00,2.0518,0.2965,0.6083587,1
13-04-2023 18:00,1.8948,0.2872,0.54418656,0
14-04-2023 08:00,19.11695,2.042766667,39.05146823,1
14-04-2023 08:00,18.95656667,2.144733333,40.65678042,0
14-04-2023 09:00,19.13301667,2.04325,39.0935363,1
14-04-2023 09:00,19.16278333,2.172716667,41.63529873,0
14-04-2023 10:00,18.96065,2.024483333,38.38551991,1
14-04-2023 10:00,18.98456667,2.155333333,40.91806936,0
14-04-2023 11:00,18.76853333,2.003716667,37.60682305,1
14-04-2023 11:00,18.78606667,2.13405,40.09040557,0
14-04-2023 12:00,18.78076667,2.006116667,37.67640902,1
14-04-2023 12:00,18.70441667,2.128033333,39.80362215,0
14-04-2023 13:00,18.7427,1.997933333,37.44666509,1
14-04-2023 13:00,18.65646667,2.122233333,39.59337544,0
14-04-2023 14:00,18.65011667,1.980566667,36.9377994,1
14-04-2023 14:00,18.55728333,2.10645,39.08998948,0
14-04-2023 15:00,18.62936667,1.985533333,36.9892285,1
14-04-2023 15:00,18.43743333,2.09315,38.59231358,0
14-04-2023 16:00,17.41781667,1.86575,32.49729145,1
14-04-2023 16:00,16.81705,1.929316667,32.44541485,0
14-04-2023 17:00,7.3897,0.842733333,6.227546513,1
14-04-2023 17:00,6.867216667,0.835516667,5.737673979,0
15-04-2023 07:00,16.5943,1.7839,29.60257177,1
15-04-2023 07:00,15.8154,1.8128,28.67015712,0
15-04-2023 08:00,18.77826667,1.99845,37.52742702,1
15-04-2023 08:00,18.43293333,2.090866667,38.54080588,0
15-04-2023 09:00,19.13733333,2.032816667,38.90269016,1
15-04-2023 09:00,19.14868333,2.170716667,41.56636606,0
15-04-2023 10:00,19.01555,2.023733333,38.48240239,1
15-04-2023 10:00,19.018,2.1587,41.0541566,0
15-04-2023 11:00,18.88418333,2.013983333,38.0324305,1
15-04-2023 11:00,18.84625,2.143266667,40.39253942,0
15-04-2023 12:00,18.73971667,1.9986,37.45319773,1
15-04-2023 12:00,18.65925,2.118266667,39.5252673,0
15-04-2023 13:00,18.53288333,1.9763,36.62653733,1
15-04-2023 13:00,18.41348333,2.094316667,38.56366504,0
15-04-2023 14:00,18.7511,1.997916667,37.46313521,1
15-04-2023 14:00,18.62188333,2.1145,39.37597231,0
15-04-2023 15:00,18.60115,1.983066667,36.88732053,1
15-04-2023 15:00,18.41068333,2.094683333,38.56455153,0
15-04-2023 16:00,15.05046667,1.622416667,24.41812796,1
15-04-2023 16:00,14.1005,1.6266,22.9358733,0
15-04-2023 17:00,13.028,1.418,18.473704,1
15-04-2023 17:00,11.9032,1.3854,16.49069328,0
16-04-2023 08:00,19.10238333,2.030916667,38.79534868,1
16-04-2023 08:00,18.92153333,2.1424,40.53749301,0
16-04-2023 09:00,19.22773333,2.039483333,39.21464167,1
16-04-2023 09:00,19.27131667,2.18535,42.11457188,0
16-04-2023 10:00,18.89645,2.012,38.0196574,1
16-04-2023 10:00,18.95921667,2.152483333,40.80939789,0
16-04-2023 11:00,18.7459,1.994266667,37.38432351,1
16-04-2023 11:00,18.8028,2.134133333,40.12768224,0
16-04-2023 12:00,18.64908333,1.984633333,37.01159242,1
16-04-2023 12:00,18.62166667,2.11575,39.39879125,0
16-04-2023 13:00,18.67916667,1.9901,37.17340958,1
16-04-2023 13:00,18.59981667,2.109616667,39.23848324,0
16-04-2023 14:00,18.66778333,1.991566667,37.17813503,1
16-04-2023 14:00,18.56016667,2.109066667,39.14462884,0
16-04-2023 15:00,18.51978333,1.972083333,36.52255605,1
16-04-2023 15:00,18.30975,2.081816667,38.11754271,0
16-04-2023 16:00,16.70591667,1.788783333,29.8832653,1
16-04-2023 16:00,16.01993333,1.832116667,29.35038686,0
16-04-2023 17:00,6.193666667,0.719783333,4.458098039,1
16-04-2023 17:00,5.822133333,0.7133,4.152927707,0
17-04-2023 08:00,18.98966,2.01738,38.30936029,1
17-04-2023 08:00,18.76676,2.13058,39.98408352,0
17-04-2023 09:00,19.15446667,2.041883333,39.11118625,1
17-04-2023 09:00,19.1633,2.171183333,41.60703757,0
17-04-2023 10:00,19.09278,2.03952,38.94010667,1
17-04-2023 10:00,19.02292,2.1634,41.15418513,0
17-04-2023 11:00,18.935703,2.0315206,38.46827072,1
17-04-2023 11:00,18.779478,2.1533536,40.43885656,0
17-04-2023 12:00,18.8132005,2.017898317,37.96312562,1
17-04-2023 12:00,18.65884683,2.133921117,39.81650727,0
17-04-2023 13:00,18.84820117,2.017883517,38.03347445,1
17-04-2023 13:00,18.64856917,2.132262217,39.76363943,0
17-04-2023 14:00,18.84859017,2.01656115,38.00933466,1
17-04-2023 14:00,18.612124,2.129314967,39.63107419,0
17-04-2023 15:00,18.634865,1.995224483,37.18073889,1
17-04-2023 15:00,18.34906517,2.100284467,38.53825655,0
17-04-2023 16:00,16.9576385,1.824663017,30.94197582,1
17-04-2023 16:00,16.13690417,1.850800917,29.86619702,0
17-04-2023 17:00,5.567680033,0.65864137,3.667104405,1
17-04-2023 17:00,5.29287945,0.646442345,3.421541403,0
17-04-2023 18:00,0.298464064,0.115615057,0.03450694,1
17-04-2023 18:00,0.280870539,0.107382155,0.030160484,0
17-04-2023 19:00,1.73E-05,0.084800347,1.47E-06,1
17-04-2023 19:00,1.50E-05,0.0777444,1.17E-06,0
17-04-2023 20:00,1.07E-05,0.084477027,9.02E-07,1
17-04-2023 20:00,8.56E-06,0.077907478,6.67E-07,0
17-04-2023 21:00,9.42E-06,0.084756198,7.98E-07,1
17-04-2023 21:00,7.04E-06,0.077655534,5.47E-07,0
17-04-2023 22:00,7.02E-06,0.084785675,5.95E-07,1
17-04-2023 22:00,5.34E-06,0.077848056,4.16E-07,0
17-04-2023 23:00,7.02E-06,0.084712181,5.95E-07,1
17-04-2023 23:00,5.11E-06,0.077907478,3.98E-07,0
18-04-2023 00:00,6.62E-06,0.084726853,5.61E-07,1
18-04-2023 00:00,5.06E-06,0.077848189,3.94E-07,0
18-04-2023 01:00,6.69E-06,0.08477087,5.67E-07,1
18-04-2023 01:00,5.10E-06,0.077848056,3.97E-07,0
18-04-2023 02:00,6.23E-06,0.084859301,5.28E-07,1
18-04-2023 02:00,4.91E-06,0.077389067,3.80E-07,0
18-04-2023 03:00,6.37E-06,0.084947335,5.41E-07,1
18-04-2023 03:00,4.78E-06,0.077714956,3.72E-07,0
18-04-2023 04:00,6.36E-06,0.084844496,5.39E-07,1
18-04-2023 04:00,5.84E-06,0.077937056,4.55E-07,0
18-04-2023 05:00,0.050870593,0.090104996,0.004583695,1
18-04-2023 05:00,0.047571837,0.082943297,0.003945765,0
18-04-2023 06:00,2.39102973,0.331817422,0.79338532,1
18-04-2023 06:00,2.256097912,0.318310907,0.718140572,0
18-04-2023 07:00,10.92525745,1.208442053,13.20254055,1
18-04-2023 07:00,11.11407215,1.28918258,14.32806821,0
18-04-2023 08:00,19.07527867,2.044363267,38.99679901,1
18-04-2023 08:00,18.8891095,2.158241367,40.7672575,0
18-04-2023 09:00,19.15444667,2.053106667,39.32612215,1
18-04-2023 09:00,19.17628017,2.19235205,42.04115713,0
18-04-2023 10:00,19.07505633,2.046420567,39.03558759,1
18-04-2023 10:00,19.01892633,2.17936245,41.44913389,0
18-04-2023 11:00,18.971833,2.0366192,38.63839935,1
18-04-2023 11:00,18.7832,2.16378095,40.64273034,0
18-04-2023 12:00,18.843109,2.0240406,38.13921765,1
18-04-2023 12:00,18.71549583,2.15794535,40.38701721,0
18-04-2023 13:00,18.7866265,2.018251133,37.91613023,1
18-04-2023 13:00,18.61730917,2.158522783,40.185886,0
18-04-2023 14:00,18.8013894,2.01952924,37.96995565,1
18-04-2023 14:00,18.6010314,2.15326486,40.05294727,0
18-04-2023 15:00,18.63333343,2.003545786,37.33273666,1
18-04-2023 15:00,18.35963143,2.1181238,38.88797229,0
18-04-2023 16:00,16.04681033,1.737714683,27.88477794,1
18-04-2023 16:00,15.22346467,1.752038617,26.67209798,0
18-04-2023 17:00,5.340662083,0.637054897,3.402294932,1
18-04-2023 17:00,5.067765333,0.622773705,3.156070993,0
18-04-2023 18:00,0.28542169,0.114615752,0.032713822,1
18-04-2023 18:00,0.265818756,0.106967264,0.028433905,0
18-04-2023 19:00,1.91E-05,0.084815152,1.62E-06,1
18-04-2023 19:00,1.57E-05,0.078144234,1.23E-06,0
18-04-2023 20:00,1.28E-05,0.084844364,1.09E-06,1
18-04-2023 20:00,1.06E-05,0.077892689,8.25E-07,0
18-04-2023 21:00,1.13E-05,0.084823823,9.62E-07,1
18-04-2023 21:00,1.01E-05,0.077957547,7.89E-07,0
18-04-2023 22:00,1.00E-05,0.08473316,8.47E-07,1
18-04-2023 22:00,9.04E-06,0.078239781,7.07E-07,0
18-04-2023 23:00,9.49E-06,0.08494707,8.06E-07,1
18-04-2023 23:00,8.41E-06,0.078233233,6.58E-07,0
19-04-2023 00:00,9.01E-06,0.084932795,7.65E-07,1
19-04-2023 00:00,7.91E-06,0.078040844,6.17E-07,0
19-04-2023 01:00,8.76E-06,0.085088242,7.45E-07,1
19-04-2023 01:00,7.74E-06,0.07794012,6.03E-07,0
19-04-2023 02:00,8.42E-06,0.085085636,7.16E-07,1
19-04-2023 02:00,7.85E-06,0.07822699,6.14E-07,0
19-04-2023 03:00,8.73E-06,0.085226506,7.44E-07,1
19-04-2023 03:00,8.04E-06,0.078144633,6.28E-07,0
19-04-2023 04:00,8.80E-06,0.084859301,7.47E-07,1
19-04-2023 04:00,8.06E-06,0.078248022,6.31E-07,0
19-04-2023 05:00,0.054773241,0.090648799,0.004965129,1
19-04-2023 05:00,0.053206276,0.083476631,0.004441481,0
19-04-2023 06:00,2.608615297,0.355152405,0.926455996,1
19-04-2023 06:00,2.53632744,0.352614095,0.894344805,0
19-04-2023 07:00,9.73290574,1.090837862,10.61702209,1
19-04-2023 07:00,9.7826155,1.135365796,11.10684703,0
19-04-2023 08:00,18.61806314,2.001631371,37.26649926,1
19-04-2023 08:00,18.27348657,2.0760764,37.93715422,0
19-04-2023 09:00,19.076964,2.048125217,39.07201103,1
19-04-2023 09:00,19.1065015,2.174193267,41.54122691,0
21-04-2023 11:00,18.691699,2.0017199,37.41554585,1
21-04-2023 11:00,18.754366,2.1299815,39.94645262,0
21-04-2023 12:00,18.66110617,1.998089817,37.2865662,1
21-04-2023 12:00,18.67968033,2.1198651,39.59840242,0
21-04-2023 13:00,16.1251635,1.739198433,28.0448591,1
21-04-2023 13:00,15.50993283,1.778550883,27.58520474,0
21-04-2023 14:00,18.2945085,1.963175183,35.91532508,1
21-04-2023 14:00,18.10209833,2.062397033,37.3337139,0
21-04-2023 15:00,10.2736511,1.140288748,11.71492876,1
21-04-2023 15:00,10.2039064,1.180215587,12.04280938,0
21-04-2023 16:00,0.859230815,0.17304171,0.14868277,1
21-04-2023 16:00,1.099180408,0.16815321,0.184830714,0
21-04-2023 17:00,0.617772195,0.14842825,0.091694846,1
21-04-2023 17:00,0.674746605,0.142692452,0.096281247,0
21-04-2023 18:00,0.063481894,0.091324784,0.00579747,1
21-04-2023 18:00,0.06693358,0.084868786,0.005680572,0
21-04-2023 19:00,3.24E-05,0.08460921,2.74E-06,1
21-04-2023 19:00,3.23E-05,0.078129578,2.53E-06,0
21-04-2023 20:00,2.87E-05,0.084917858,2.44E-06,1
21-04-2023 20:00,2.83E-05,0.0778334,2.21E-06,0
21-04-2023 21:00,2.54E-05,0.084859169,2.16E-06,1
21-04-2023 21:00,2.53E-05,0.077611034,1.96E-06,0
21-04-2023 22:00,2.01E-05,0.084785542,1.71E-06,1
21-04-2023 22:00,1.99E-05,0.078129578,1.56E-06,0
21-04-2023 23:00,1.79E-05,0.084682836,1.52E-06,1
21-04-2023 23:00,1.76E-05,0.0778334,1.37E-06,0
22-04-2023 00:00,1.50E-05,0.084771002,1.27E-06,1
22-04-2023 00:00,1.54E-05,0.077833267,1.20E-06,0
22-04-2023 01:00,1.41E-05,0.084785675,1.20E-06,1
22-04-2023 01:00,1.38E-05,0.077833267,1.07E-06,0
22-04-2023 02:00,9.71E-06,0.084756198,8.23E-07,1
22-04-2023 02:00,9.47E-06,0.077966767,7.39E-07,0
22-04-2023 03:00,1.90E-05,0.084844496,1.61E-06,1
22-04-2023 03:00,1.88E-05,0.077463011,1.46E-06,0
22-04-2023 04:00,1.10E-05,0.084800347,9.30E-07,1
22-04-2023 04:00,1.11E-05,0.077744533,8.65E-07,0
22-04-2023 05:00,0.107199914,0.095997729,0.010290948,1
22-04-2023 05:00,0.104994869,0.089104674,0.009355534,0
22-04-2023 06:00,4.847550367,0.581406255,2.818396105,1
22-04-2023 06:00,4.799622283,0.590455178,2.833961831,0
22-04-2023 07:00,10.74752082,1.185650355,12.74280187,1
22-04-2023 07:00,10.4640968,1.20625348,12.62235318,0
22-04-2023 08:00,17.78850083,1.905924717,33.90354341,1
22-04-2023 08:00,17.58444283,1.997048883,35.11699192,0
22-04-2023 09:00,18.86186833,2.017516317,38.05412713,1
22-04-2023 09:00,19.018389,2.15724895,41.0273997,0
22-04-2023 10:00,18.73206967,2.005069783,37.55910687,1
22-04-2023 10:00,18.86171967,2.141875,40.39944581,0
22-04-2023 11:00,18.613124,1.993784217,37.11055285,1
22-04-2023 11:00,18.737829,2.1321142,39.95119129,0
22-04-2023 12:00,18.49984467,2.0071563,37.13207977,1
22-04-2023 12:00,18.64219833,2.12041325,39.52916436,0
22-04-2023 13:00,18.49404833,2.063466417,38.16184764,1
22-04-2023 13:00,18.5631975,2.11244455,39.21372539,0
22-04-2023 14:00,18.58288283,2.0776173,38.60811886,1
22-04-2023 14:00,18.579068,2.112503967,39.24835485,0
22-04-2023 15:00,18.08059867,2.0204406,36.53077562,1
22-04-2023 15:00,18.07595033,2.057109433,37.18420795,0
22-04-2023 16:00,10.91352052,1.244694017,13.58399369,1
22-04-2023 16:00,10.94327618,1.262877652,13.82001893,0
22-04-2023 17:00,4.4411163,0.555484707,2.466972185,1
22-04-2023 17:00,4.606729217,0.561010212,2.584422133,0
22-04-2023 18:00,0.103421201,0.09545406,0.009871973,1
22-04-2023 18:00,0.111168424,0.08874934,0.009866124,0
22-04-2023 19:00,2.21E-05,0.084638555,1.87E-06,1
22-04-2023 19:00,2.28E-05,0.077685511,1.77E-06,0
22-04-2023 20:00,1.88E-05,0.084609474,1.59E-06,1
22-04-2023 20:00,1.86E-05,0.077862845,1.45E-06,0
22-04-2023 21:00,1.58E-05,0.08493253,1.34E-06,1
22-04-2023 21:00,1.61E-05,0.0776999,1.25E-06,0
22-04-2023 22:00,9.55E-06,0.084756198,8.09E-07,1
22-04-2023 22:00,1.03E-05,0.077551878,7.98E-07,0
22-04-2023 23:00,9.17E-06,0.084668031,7.76E-07,1
22-04-2023 23:00,9.43E-06,0.077981556,7.35E-07,0
23-04-2023 00:00,8.36E-06,0.084653359,7.07E-07,1
23-04-2023 00:00,8.86E-06,0.077848056,6.89E-07,0
23-04-2023 01:00,8.69E-06,0.085035237,7.39E-07,1
23-04-2023 01:00,9.12E-06,0.077759322,7.09E-07,0
23-04-2023 02:00,7.71E-06,0.084638554,6.53E-07,1
23-04-2023 02:00,8.30E-06,0.077907478,6.47E-07,0
23-04-2023 03:00,7.12E-06,0.084506636,6.01E-07,1
23-04-2023 03:00,7.56E-06,0.077744534,5.88E-07,0
23-04-2023 04:00,7.17E-06,0.084609474,6.07E-07,1
23-04-2023 04:00,7.17E-06,0.078144366,5.60E-07,0
23-04-2023 05:00,0.050561381,0.090149145,0.004558065,1
23-04-2023 05:00,0.054064652,0.083120898,0.004493902,0
23-04-2023 06:00,1.657679812,0.261606527,0.433659858,1
23-04-2023 06:00,1.780598152,0.25872483,0.460684954,0
23-04-2023 07:00,8.369944333,0.971666693,8.132796134,1
23-04-2023 07:00,8.3568791,0.979313568,8.184005092,0
23-04-2023 08:00,17.35164333,1.9429403,33.7132071,1
23-04-2023 08:00,17.403959,1.987495267,34.59028613,0
23-04-2023 09:00,18.7939415,2.094163617,39.3575885,1
23-04-2023 09:00,19.0130925,2.162522033,41.11623145,0
23-04-2023 10:00,18.79675617,2.1018342,39.50766496,1
23-04-2023 10:00,19.096464,2.175941017,41.55277929,0
23-04-2023 11:00,18.65134667,2.089520017,38.9723622,1
23-04-2023 11:00,18.94205483,2.155604967,40.83158748,0
23-04-2023 12:00,18.564068,2.081261583,38.63668156,1
23-04-2023 12:00,18.80979367,2.1445706,40.33893049,0
23-04-2023 13:00,17.51373867,1.969919833,34.50066116,1
23-04-2023 13:00,17.6184065,2.014659667,35.49509297,0
23-04-2023 14:00,12.39828602,1.423792265,17.65258373,1
23-04-2023 14:00,12.43965483,1.447131098,18.00181136,0
23-04-2023 15:00,8.450014583,1.000894812,8.457575755,1
23-04-2023 15:00,8.5390906,1.013987005,8.658526903,0
23-04-2023 16:00,8.61934175,1.019365842,8.786262558,1
23-04-2023 16:00,8.772419283,1.030279438,9.038043212,0
23-04-2023 17:00,5.457329483,0.677773708,3.698834442,1
23-04-2023 17:00,5.451181517,0.68581081,3.738479211,0
23-04-2023 18:00,0.564064263,0.145930114,0.082313962,1
23-04-2023 18:00,0.582502214,0.140603887,0.081902075,0
23-04-2023 19:00,3.50E-05,0.084682704,2.97E-06,1
23-04-2023 19:00,3.39E-05,0.077848056,2.64E-06,0
23-04-2023 20:00,2.90E-05,0.08475633,2.46E-06,1
23-04-2023 20:00,3.36E-05,0.0775668,2.61E-06,0
23-04-2023 21:00,2.58E-05,0.084815019,2.19E-06,1
23-04-2023 21:00,2.55E-05,0.0777444,1.98E-06,0
23-04-2023 22:00,2.37E-05,0.084815152,2.01E-06,1
23-04-2023 22:00,2.39E-05,0.0780555,1.86E-06,0
23-04-2023 23:00,1.40E-05,0.085020829,1.19E-06,1
23-04-2023 23:00,1.99E-05,0.078040711,1.55E-06,0
24-04-2023 00:00,1.01E-05,0.084785674,8.54E-07,1
24-04-2023 00:00,1.05E-05,0.077848322,8.18E-07,0
24-04-2023 01:00,1.09E-05,0.084815019,9.25E-07,1
24-04-2023 01:00,1.11E-05,0.077700033,8.66E-07,0
24-04-2023 02:00,8.90E-06,0.084859036,7.55E-07,1
24-04-2023 02:00,8.88E-06,0.077848189,6.91E-07,0
24-04-2023 03:00,5.69E-06,0.084888381,4.83E-07,1
24-04-2023 03:00,6.17E-06,0.078189,4.82E-07,0
24-04-2023 04:00,4.89E-06,0.084888645,4.15E-07,1
24-04-2023 04:00,4.78E-06,0.077789033,3.72E-07,0
24-04-2023 05:00,0.062536484,0.091780155,0.005739608,1
24-04-2023 05:00,0.062800566,0.085091019,0.005343764,0
24-04-2023 06:00,3.059002602,0.417634408,1.277544742,1
24-04-2023 06:00,3.108204692,0.424049543,1.31803278,0
24-04-2023 07:00,11.92540647,1.375050047,16.39803072,1
24-04-2023 07:00,12.52892607,1.457128938,18.25626074,0
24-04-2023 08:00,18.7386815,2.101804733,39.38504947,1
24-04-2023 08:00,18.92718417,2.156301233,40.81271056,0
24-04-2023 09:00,18.8777575,2.114442117,39.91592553,1
24-04-2023 09:00,19.06674133,2.178740517,41.54148186,0
24-04-2023 10:00,19.18439117,2.18393315,41.89742783,1
24-04-2023 10:00,19.3960235,2.206763633,42.80243929,0
24-04-2023 11:00,19.01162967,2.1590992,41.0479944,1
24-04-2023 11:00,19.23676217,2.190693167,42.14184343,0
24-04-2023 12:00,18.823349,2.135220417,40.19199909,1
24-04-2023 12:00,18.9237395,2.15758975,40.82966638,0
24-04-2023 13:00,18.82462667,2.135573083,40.20136601,1
24-04-2023 13:00,18.8814055,2.154642333,40.6826756,0
24-04-2023 14:00,18.73477367,2.128490167,39.87678152,1
24-04-2023 14:00,18.7985155,2.145770333,40.33729687,0
24-04-2023 15:00,18.41425133,2.0955448,38.58788863,1
24-04-2023 15:00,18.48978917,2.112622417,39.06194307,0
24-04-2023 16:00,8.751956533,1.032444072,9.035905638,1
24-04-2023 16:00,8.86367815,1.045564915,9.267550891,0
24-04-2023 17:00,2.74514645,0.378267307,1.038399154,1
24-04-2023 17:00,2.896339733,0.378563682,1.096449033,0
24-04-2023 18:00,0.437760796,0.131720407,0.05766203,1
24-04-2023 18:00,0.455564504,0.126074127,0.057434897,0
24-04-2023 19:00,1.94E-05,0.085417511,1.66E-06,1
24-04-2023 19:00,1.99E-05,0.078129711,1.55E-06,0
24-04-2023 20:00,1.12E-05,0.084844232,9.53E-07,1
24-04-2023 20:00,1.13E-05,0.078159289,8.85E-07,0
24-04-2023 21:00,1.03E-05,0.084976812,8.76E-07,1
24-04-2023 21:00,1.07E-05,0.078040711,8.31E-07,0
24-04-2023 22:00,6.91E-06,0.084829824,5.86E-07,1
24-04-2023 22:00,6.50E-06,0.078011134,5.07E-07,0
24-04-2023 23:00,7.66E-06,0.084800479,6.50E-07,1
24-04-2023 23:00,7.69E-06,0.078218444,6.01E-07,0
25-04-2023 00:00,1.13E-05,0.084903186,9.56E-07,1
25-04-2023 00:00,1.19E-05,0.078011133,9.30E-07,0
25-04-2023 01:00,9.30E-06,0.084962007,7.90E-07,1
25-04-2023 01:00,9.69E-06,0.078026056,7.56E-07,0
25-04-2023 02:00,1.44E-05,0.084814887,1.22E-06,1
25-04-2023 02:00,1.49E-05,0.077640745,1.16E-06,0
25-04-2023 03:00,9.04E-06,0.084947203,7.68E-07,1
25-04-2023 03:00,9.22E-06,0.077981556,7.19E-07,0
25-04-2023 04:00,5.67E-06,0.084623882,4.80E-07,1
25-04-2023 04:00,5.28E-06,0.078040711,4.12E-07,0
25-04-2023 05:00,0.07720181,0.093234965,0.007197908,1
25-04-2023 05:00,0.082723467,0.086468519,0.007152976,0
25-04-2023 06:00,2.84776272,0.391507053,1.114919191,1
25-04-2023 06:00,3.118770833,0.397388887,1.239364869,0
25-04-2023 07:00,11.58490455,1.33437552,15.45861303,1
25-04-2023 07:00,12.32659137,1.415775562,17.45168682,0
25-04-2023 08:00,15.63974933,1.774804133,27.75749176,1
25-04-2023 08:00,15.68962,1.796324733,28.18365246,0
25-04-2023 09:00,18.540327,2.084523867,38.64775413,1
25-04-2023 09:00,18.692199,2.12279785,39.67975985,0
25-04-2023 10:00,18.30152667,2.063349017,37.76243705,1
25-04-2023 10:00,18.46358433,2.101143583,38.79464175,0
25-04-2023 11:00,17.6898705,2.00164555,35.40885057,1
25-04-2023 11:00,17.762297,2.027841767,36.01912773,0
25-04-2023 12:00,18.39330633,2.079821567,38.25479519,1
25-04-2023 12:00,18.48254817,2.1077939,38.95740228,0
25-04-2023 13:00,18.10852433,2.049330183,37.11034549,1
25-04-2023 13:00,18.20830333,2.07671975,37.81354315,0
25-04-2023 14:00,18.13341367,2.05121075,37.19545305,1
25-04-2023 14:00,18.15717333,2.070898517,37.60166332,0
25-04-2023 15:00,18.57569767,2.096117817,38.93685084,1
25-04-2023 15:00,18.60525367,2.116458467,39.37724665,0
25-04-2023 16:00,15.63249498,1.776023683,27.76368132,1
25-04-2023 16:00,15.73678612,1.79420675,28.23504787,0
25-04-2023 17:00,5.220983667,0.651852162,3.403309489,1
25-04-2023 17:00,5.408651183,0.666319167,3.603887949,0
25-04-2023 18:00,0.273837445,0.11438073,0.031321727,1
25-04-2023 18:00,0.288256971,0.108448555,0.031261052,0
25-04-2023 19:00,1.52E-05,0.084873709,1.29E-06,1
25-04-2023 19:00,1.50E-05,0.077625956,1.16E-06,0
25-04-2023 20:00,1.35E-05,0.084521308,1.15E-06,1
25-04-2023 20:00,1.37E-05,0.077655667,1.06E-06,0
25-04-2023 21:00,1.07E-05,0.084785542,9.05E-07,1
25-04-2023 21:00,1.08E-05,0.077729745,8.37E-07,0
25-04-2023 22:00,8.52E-06,0.085020829,7.25E-07,1
25-04-2023 22:00,8.89E-06,0.078099867,6.94E-07,0
25-04-2023 23:00,7.58E-06,0.084829824,6.43E-07,1
25-04-2023 23:00,7.91E-06,0.078248156,6.19E-07,0
26-04-2023 00:00,7.63E-06,0.084771002,6.47E-07,1
26-04-2023 00:00,7.53E-06,0.077907345,5.86E-07,0
26-04-2023 01:00,9.71E-06,0.084638687,8.22E-07,1
26-04-2023 01:00,9.95E-06,0.078085211,7.77E-07,0
26-04-2023 02:00,7.54E-06,0.084726721,6.39E-07,1
26-04-2023 02:00,7.93E-06,0.077996345,6.19E-07,0
26-04-2023 03:00,7.08E-06,0.084947335,6.01E-07,1
26-04-2023 03:00,7.23E-06,0.077848189,5.63E-07,0
26-04-2023 04:00,6.43E-06,0.084565193,5.44E-07,1
26-04-2023 04:00,6.90E-06,0.077937056,5.37E-07,0
26-04-2023 05:00,0.084984647,0.094145973,0.008000962,1
26-04-2023 05:00,0.091463132,0.087623785,0.008014346,0
26-04-2023 06:00,2.294751067,0.333654242,0.765653427,1
26-04-2023 06:00,2.48097494,0.336914145,0.835875551,0
26-04-2023 07:00,9.5312049,1.114528068,10.62279539,1
26-04-2023 07:00,9.8449111,1.13692128,11.19288893,0
26-04-2023 08:00,14.77279588,1.686900797,24.92024114,1
26-04-2023 08:00,14.92355015,1.711826037,25.54652171,0
26-04-2023 09:00,19.08509367,2.158805333,41.20100199,1
26-04-2023 09:00,19.23692883,2.178681117,41.91113359,0
26-04-2023 10:00,18.46499217,2.059910117,38.03622417,1
26-04-2023 10:00,18.50965933,2.101439717,38.89693327,0
26-04-2023 11:00,18.43625117,2.060968417,37.99653138,1
26-04-2023 11:00,18.57177167,2.1121336,39.22606295,0
26-04-2023 12:00,17.14891363,1.925145463,33.01415325,1
26-04-2023 12:00,17.16005263,1.951078187,33.48060437,0
26-04-2023 13:00,18.50914092,2.071026758,38.33292611,1
26-04-2023 13:00,18.61113292,2.115495858,39.3717746,0
26-04-2023 14:00,18.117108,2.029756808,36.77332331,1
26-04-2023 14:00,18.10672783,2.060700983,37.31255185,0
26-04-2023 15:00,18.2695545,2.044782158,37.35725908,1
26-04-2023 15:00,18.27371175,2.07400175,37.89971015,0
26-04-2023 16:00,15.90387258,1.791776358,28.4961829,1
26-04-2023 16:00,15.83895508,1.80274545,28.55360421,0
26-04-2023 17:00,6.693925217,0.808276928,5.410545313,1
26-04-2023 17:00,6.870376808,0.814840223,5.598259367,0
26-04-2023 18:00,0.397110688,0.12778954,0.050746592,1
26-04-2023 18:00,0.428703793,0.121586293,0.052124505,0
26-04-2023 19:00,3.49E-05,0.084638687,2.95E-06,1
26-04-2023 19:00,3.63E-05,0.077648139,2.82E-06,0
26-04-2023 20:00,2.16E-05,0.084741459,1.83E-06,1
26-04-2023 20:00,2.21E-05,0.077737006,1.72E-06,0
26-04-2023 21:00,2.01E-05,0.084815019,1.70E-06,1
26-04-2023 21:00,2.04E-05,0.077611233,1.59E-06,0
26-04-2023 22:00,1.77E-05,0.084653425,1.50E-06,1
26-04-2023 22:00,1.81E-05,0.077744467,1.40E-06,0
26-04-2023 23:00,1.74E-05,0.084778405,1.48E-06,1
26-04-2023 23:00,1.79E-05,0.077944517,1.39E-06,0
27-04-2023 00:00,1.18E-05,0.084741591,1.00E-06,1
27-04-2023 00:00,1.15E-05,0.077789033,8.96E-07,0
27-04-2023 01:00,1.13E-05,0.084910522,9.57E-07,1
27-04-2023 01:00,1.13E-05,0.077759322,8.77E-07,0
27-04-2023 02:00,1.17E-05,0.08460194,9.88E-07,1
27-04-2023 02:00,1.17E-05,0.077922267,9.12E-07,0
27-04-2023 03:00,9.90E-06,0.084881177,8.41E-07,1
27-04-2023 03:00,9.46E-06,0.077996211,7.38E-07,0
27-04-2023 04:00,8.73E-06,0.084822355,7.40E-07,1
27-04-2023 04:00,8.89E-06,0.077974028,6.93E-07,0
27-04-2023 05:00,0.047414779,0.089877376,0.004261516,1
27-04-2023 05:00,0.052033889,0.083395092,0.004339371,0
27-04-2023 06:00,2.584301408,0.364865834,0.942923289,1
27-04-2023 06:00,2.833264537,0.368092144,1.042902418,0
27-04-2023 07:00,11.64888397,1.340062016,15.61022693,1
27-04-2023 07:00,12.30322663,1.388966688,17.08877194,0
27-04-2023 08:00,15.09700604,1.707164288,25.77306956,1
27-04-2023 08:00,15.24696152,1.721082748,26.24128243,0
27-04-2023 09:00,19.02950983,2.123934925,40.41744054,1
27-04-2023 09:00,19.17867825,2.156938167,41.3672231,0
27-04-2023 10:00,18.87011858,2.107013942,39.75960294,1
27-04-2023 10:00,18.99313875,2.148517758,40.80709589,0
27-04-2023 11:00,18.81264533,2.099593233,39.49890284,1
27-04-2023 11:00,18.87710942,2.1352689,40.30770466,0
27-04-2023 12:00,18.578642,2.080262483,38.64845194,1
27-04-2023 12:00,18.64238375,2.108067983,39.29941232,0
27-04-2023 13:00,18.61296675,2.0888735,38.880133,1
27-04-2023 13:00,18.66014317,2.11790265,39.52036666,0
27-04-2023 14:00,18.26715642,2.050461675,37.45610414,1
27-04-2023 14:00,18.32223108,2.06123425,37.76641025,0
27-04-2023 15:00,18.13668208,2.036758967,36.94004986,1
27-04-2023 15:00,18.19883125,2.049814775,37.30423318,0
27-04-2023 16:00,14.33019292,1.629767308,23.35487994,1
27-04-2023 16:00,14.40316625,1.636865075,23.5760398,0
27-04-2023 17:00,4.970597925,0.622720221,3.095291838,1
27-04-2023 17:00,5.0287165,0.624091863,3.138381051,0
27-04-2023 18:00,0.538144265,0.14362312,0.077289958,1
27-04-2023 18:00,0.546068218,0.137471438,0.075068783,0
27-04-2023 19:00,3.90E-05,0.085498407,3.33E-06,1
27-04-2023 19:00,3.93E-05,0.078448006,3.09E-06,0
27-04-2023 20:00,2.51E-05,0.085549826,2.14E-06,1
27-04-2023 20:00,2.50E-05,0.078611083,1.97E-06,0
27-04-2023 21:00,2.04E-05,0.085513146,1.75E-06,1
27-04-2023 21:00,2.05E-05,0.078537005,1.61E-06,0
27-04-2023 22:00,1.59E-05,0.085505677,1.36E-06,1
27-04-2023 22:00,1.60E-05,0.078433283,1.25E-06,0
27-04-2023 23:00,1.50E-05,0.085527884,1.28E-06,1
27-04-2023 23:00,1.53E-05,0.078499966,1.20E-06,0
28-04-2023 00:00,1.52E-05,0.08567474,1.30E-06,1
28-04-2023 00:00,1.53E-05,0.078640794,1.20E-06,0
28-04-2023 01:00,1.26E-05,0.085351353,1.08E-06,1
28-04-2023 01:00,1.24E-05,0.078455533,9.69E-07,0
28-04-2023 02:00,1.16E-05,0.085505809,9.96E-07,1
28-04-2023 02:00,1.16E-05,0.078559189,9.13E-07,0
28-04-2023 03:00,1.04E-05,0.085520416,8.88E-07,1
28-04-2023 03:00,1.04E-05,0.078514556,8.16E-07,0
28-04-2023 04:00,9.04E-06,0.085439586,7.72E-07,1
28-04-2023 04:00,8.29E-06,0.078485111,6.51E-07,0
28-04-2023 05:00,0.071660989,0.093102849,0.006671842,1
28-04-2023 05:00,0.073841976,0.086468519,0.006385006,0
28-04-2023 06:00,3.253869182,0.436582892,1.420583617,1
28-04-2023 06:00,3.355707965,0.440949193,1.47969672,0
28-04-2023 07:00,10.34778842,1.200161565,12.41901794,1
28-04-2023 07:00,10.92548944,1.254301481,13.70385759,0
28-04-2023 08:00,17.32141167,1.954042317,33.84677138,1
28-04-2023 08:00,17.45735767,1.966270792,34.32589248,0
28-04-2023 09:00,17.95839267,2.030902967,36.47175294,1
28-04-2023 09:00,18.06235717,2.043230967,36.90556749,0
28-04-2023 10:00,18.8830815,2.134669392,40.3091361,1
28-04-2023 10:00,18.98984233,2.155694025,40.93628965,0
28-04-2023 11:00,18.76699633,2.121451467,39.8132719,1
28-04-2023 11:00,18.80562642,2.129011217,40.03738958,0
28-04-2023 12:00,18.64761533,2.107219758,39.29462348,1
28-04-2023 12:00,18.72104225,2.111526383,39.52997463,0
28-04-2023 13:00,17.933818,2.030491417,36.41446352,1
28-04-2023 13:00,17.95524467,2.040120567,36.63086392,0
28-04-2023 16:00,14.37452275,12.73336259,183.0360103,1
28-04-2023 16:00,10.84476169,9.263970656,100.4655541,0
28-04-2023 17:00,3.863984463,3.808649872,14.71656393,1
28-04-2023 17:00,5.101106683,5.033165383,25.67471358,0
28-04-2023 18:00,0.046209785,0.047473939,0.002193761,1
28-04-2023 18:00,0.28490828,0.281527888,0.080209626,0
28-04-2023 19:00,2.77E-06,3.06E-06,8.47E-12,1
28-04-2023 19:00,3.54E-05,3.61E-05,1.28E-09,0
28-04-2023 20:00,1.96E-06,2.17E-06,4.23E-12,1
28-04-2023 20:00,2.50E-05,2.56E-05,6.39E-10,0
28-04-2023 21:00,1.77E-06,1.92E-06,3.40E-12,1
28-04-2023 21:00,2.27E-05,2.27E-05,5.14E-10,0
28-04-2023 22:00,1.26E-06,1.43E-06,1.80E-12,1
28-04-2023 22:00,1.62E-05,1.68E-05,2.73E-10,0
28-04-2023 23:00,8.54E-07,9.97E-07,8.51E-13,1
28-04-2023 23:00,1.10E-05,1.18E-05,1.29E-10,0
29-04-2023 00:00,8.30E-07,9.53E-07,7.91E-13,1
29-04-2023 00:00,1.06E-05,1.12E-05,1.20E-10,0
29-04-2023 01:00,4.33E-07,5.38E-07,2.33E-13,1
29-04-2023 01:00,5.56E-06,6.33E-06,3.52E-11,0
29-04-2023 02:00,4.93E-07,6.12E-07,3.01E-13,1
29-04-2023 02:00,6.34E-06,7.21E-06,4.57E-11,0
29-04-2023 03:00,3.97E-07,5.34E-07,2.12E-13,1
29-04-2023 03:00,5.10E-06,6.30E-06,3.21E-11,0
29-04-2023 04:00,4.74E-07,4.88E-07,2.31E-13,1
29-04-2023 04:00,6.08E-06,5.75E-06,3.50E-11,0
29-04-2023 05:00,0.010246261,0.010418069,0.000106746,1
29-04-2023 05:00,0.088854606,0.085961901,0.007638111,0
29-04-2023 06:00,1.546838755,1.496309056,2.314548836,1
29-04-2023 06:00,3.165961956,3.070844838,9.72217793,0
29-04-2023 07:00,17.21578041,16.60546768,285.8760852,1
29-04-2023 07:00,10.99061458,10.52372417,115.6621962,0
29-04-2023 08:00,37.77610629,36.89772123,1393.852239,1
29-04-2023 08:00,17.42098717,17.52445125,305.2932403,0
29-04-2023 09:00,44.34450359,42.35749763,1878.322206,1
29-04-2023 09:00,19.04114867,18.895628,359.7944619,0
29-04-2023 10:00,40.95706491,39.17556242,1604.516053,1
29-04-2023 10:00,18.1362005,18.06754217,327.6765673,0
29-04-2023 11:00,42.27279977,40.71460875,1721.120503,1
29-04-2023 11:00,18.60628133,18.45616792,343.4006526,0
29-04-2023 12:00,42.05127434,41.01702049,1724.817981,1
29-04-2023 12:00,18.64055925,18.42287142,343.4126262,0
29-04-2023 13:00,41.06623822,40.24989404,1652.911737,1
29-04-2023 13:00,18.38100967,18.22576667,335.0079933,0
29-04-2023 14:00,9.022786683,9.016979075,81.35827872,1
29-04-2023 14:00,8.173118055,8.222245255,67.20138114,0
29-04-2023 15:00,32.77633092,32.36786359,1060.899808,1
29-04-2023 15:00,16.19213431,16.18016815,261.9914559,0
29-04-2023 16:00,32.29242768,31.78456261,1026.400689,1
29-04-2023 16:00,16.08072742,15.99855042,257.2683283,0
29-04-2023 17:00,2.954484765,2.933544508,8.667112557,1
29-04-2023 17:00,4.526647917,4.5271097,20.49263169,0
29-04-2023 18:00,0.076797989,0.078798049,0.006051532,1
29-04-2023 18:00,0.362454835,0.363503581,0.13175363,0
29-04-2023 19:00,2.81E-06,3.12E-06,8.77E-12,1
29-04-2023 19:00,3.62E-05,3.68E-05,1.33E-09,0
29-04-2023 20:00,2.84E-06,3.15E-06,8.93E-12,1
29-04-2023 20:00,3.65E-05,3.72E-05,1.36E-09,0
29-04-2023 21:00,2.44E-06,2.66E-06,6.50E-12,1
29-04-2023 21:00,3.14E-05,3.14E-05,9.87E-10,0
29-04-2023 22:00,2.04E-06,2.26E-06,4.60E-12,1
29-04-2023 22:00,2.62E-05,2.67E-05,6.98E-10,0
29-04-2023 23:00,1.39E-06,1.52E-06,2.10E-12,1
29-04-2023 23:00,1.78E-05,1.79E-05,3.18E-10,0
30-04-2023 00:00,9.15E-07,1.01E-06,9.25E-13,1
30-04-2023 00:00,1.18E-05,1.19E-05,1.40E-10,0
30-04-2023 01:00,5.63E-07,6.26E-07,3.53E-13,1
30-04-2023 01:00,7.24E-06,7.39E-06,5.35E-11,0
30-04-2023 02:00,4.76E-07,5.08E-07,2.42E-13,1
30-04-2023 02:00,6.11E-06,5.99E-06,3.66E-11,0
30-04-2023 03:00,4.69E-07,5.21E-07,2.44E-13,1
30-04-2023 03:00,6.03E-06,6.15E-06,3.71E-11,0
30-04-2023 04:00,5.05E-07,5.28E-07,2.67E-13,1
30-04-2023 04:00,6.49E-06,6.24E-06,4.05E-11,0
30-04-2023 05:00,0.005898959,0.006271542,3.70E-05,1
30-04-2023 05:00,0.054376604,0.054499419,0.002963493,0
30-04-2023 06:00,1.507233779,1.489334992,2.244776008,1
30-04-2023 06:00,2.9541799,2.946127931,8.703391916,0
30-04-2023 07:00,11.0598303,9.652044786,106.7499774,1
30-04-2023 07:00,8.709031691,8.137893545,70.87317278,0
30-04-2023 08:00,41.9572273,40.89227711,1715.726566,1
30-04-2023 08:00,18.54579131,18.41546492,341.5293693,0
30-04-2023 09:00,43.48287506,41.98096613,1825.453105,1
30-04-2023 09:00,18.87882217,18.63752258,351.8544745,0
30-04-2023 10:00,40.99731771,39.70017652,1627.60075,1
30-04-2023 10:00,18.280962,18.07264392,330.3853167,0
30-04-2023 11:00,41.90054256,40.70995086,1705.769029,1
30-04-2023 11:00,18.53152117,18.35077775,340.0678263,0
30-04-2023 12:00,41.60677948,40.62973517,1690.472432,1
30-04-2023 12:00,18.43730658,18.32474025,337.858854,0
30-04-2023 13:00,41.24141989,40.25733152,1660.269513,1
30-04-2023 13:00,18.38358383,18.26497117,335.7756287,0
30-04-2023 14:00,29.4151363,28.88593661,849.6837624,1
30-04-2023 14:00,14.72082174,14.64336074,215.5623032,0
30-04-2023 15:00,21.86585509,21.6302232,472.963326,1
30-04-2023 15:00,12.24460591,12.19224928,149.2892875,0
30-04-2023 16:00,16.15969303,15.87600992,256.5514469,1
30-04-2023 16:00,9.990254017,9.913526542,99.03864835,0
30-04-2023 17:00,2.811958339,2.702262452,7.598649435,1
30-04-2023 17:00,4.068057383,3.999728858,16.27112651,0
30-04-2023 18:00,0.043243822,0.044477297,0.001923368,1
30-04-2023 18:00,0.269646552,0.26795266,0.072252511,0
30-04-2023 19:00,3.37E-06,3.69E-06,1.24E-11,1
30-04-2023 19:00,4.35E-05,4.36E-05,1.90E-09,0
30-04-2023 20:00,3.54E-06,3.87E-06,1.37E-11,1
30-04-2023 20:00,4.57E-05,4.57E-05,2.09E-09,0
30-04-2023 21:00,2.88E-06,3.11E-06,8.98E-12,1
30-04-2023 21:00,3.71E-05,3.68E-05,1.37E-09,0
30-04-2023 22:00,2.72E-06,2.99E-06,8.14E-12,1
30-04-2023 22:00,3.51E-05,3.53E-05,1.24E-09,0
30-04-2023 23:00,1.77E-06,1.93E-06,3.41E-12,1
30-04-2023 23:00,2.28E-05,2.27E-05,5.18E-10,0
01-05-2023 00:00,1.67E-06,1.81E-06,3.01E-12,1
01-05-2023 00:00,2.15E-05,2.13E-05,4.58E-10,0
01-05-2023 01:00,1.17E-06,1.26E-06,1.47E-12,1
01-05-2023 01:00,1.50E-05,1.49E-05,2.24E-10,0
01-05-2023 02:00,5.78E-07,6.01E-07,3.47E-13,1
01-05-2023 02:00,7.44E-06,7.11E-06,5.29E-11,0
01-05-2023 03:00,4.82E-07,5.06E-07,2.44E-13,1
01-05-2023 03:00,6.21E-06,5.99E-06,3.72E-11,0
01-05-2023 04:00,3.83E-07,3.88E-07,1.48E-13,1
01-05-2023 04:00,4.93E-06,4.59E-06,2.26E-11,0
01-05-2023 05:00,0.005564389,0.005833801,3.25E-05,1
01-05-2023 05:00,0.051923521,0.051629495,0.002680785,0
01-05-2023 06:00,1.368549954,1.334419221,1.826219364,1
01-05-2023 06:00,2.73439454,2.699439373,7.381332281,0
01-05-2023 07:00,15.46027756,14.84966949,229.5800121,1
01-05-2023 07:00,10.70293279,10.48064344,112.1736224,0
01-05-2023 08:00,40.26850832,39.28515934,1581.954766,1
01-05-2023 08:00,18.16854367,18.00441183,327.1139426,0
01-05-2023 09:00,42.30824471,40.88515173,1729.779004,1
01-05-2023 09:00,18.63275417,18.41599183,343.1406486,0
01-05-2023 10:00,43.75830706,41.47773196,1814.995331,1
01-05-2023 10:00,18.97011075,18.67560633,354.2783205,0
01-05-2023 11:00,41.1156869,37.49764719,1541.741521,1
01-05-2023 11:00,18.87198455,17.07620194,322.261819,0
01-05-2023 12:00,18.51929842,2.011880883,37.25862246,1
01-05-2023 12:00,18.753376,2.056139133,38.55955028,0
01-05-2023 13:00,14.02241554,1.537169263,21.55482617,1
01-05-2023 13:00,13.93681294,1.556676338,21.69510693,0
01-05-2023 14:00,11.42761358,1.272033158,14.53630338,1
01-05-2023 14:00,11.41297498,1.279880824,14.60724783,0
01-05-2023 15:00,11.92537482,1.323662627,15.78517295,1
01-05-2023 15:00,11.89995533,1.326329168,15.78325785,0
01-05-2023 16:00,7.627313717,0.877694533,6.694451547,1
01-05-2023 16:00,7.566967075,0.878462543,6.647297142,0
01-05-2023 17:00,1.679173053,0.259394968,0.435569039,1
01-05-2023 17:00,1.667966785,0.254348048,0.424244095,0
01-05-2023 18:00,0.090859878,0.094116759,0.008551437,1
01-05-2023 18:00,0.090734042,0.087231212,0.00791484,0
01-05-2023 19:00,5.24E-05,0.084719451,4.44E-06,1
01-05-2023 19:00,5.14E-05,0.077789033,3.99E-06,0
01-05-2023 20:00,4.69E-05,0.084675368,3.97E-06,1
01-05-2023 20:00,4.71E-05,0.07772235,3.66E-06,0
01-05-2023 21:00,3.94E-05,0.084800281,3.34E-06,1
01-05-2023 21:00,3.98E-05,0.077825939,3.10E-06,0
01-05-2023 22:00,3.27E-05,0.084579799,2.77E-06,1
01-05-2023 22:00,3.31E-05,0.077803689,2.57E-06,0
01-05-2023 23:00,3.24E-05,0.084719517,2.75E-06,1
01-05-2023 23:00,3.28E-05,0.077840795,2.55E-06,0
02-05-2023 00:00,3.60E-05,0.084815019,3.05E-06,1
02-05-2023 00:00,3.67E-05,0.077892489,2.86E-06,0
02-05-2023 01:00,4.49E-05,0.084741459,3.81E-06,1
02-05-2023 01:00,4.56E-05,0.077877834,3.55E-06,0
02-05-2023 02:00,2.02E-05,0.084917924,1.72E-06,1
02-05-2023 02:00,2.11E-05,0.07785565,1.64E-06,0
02-05-2023 03:00,1.16E-05,0.084675301,9.81E-07,1
02-05-2023 03:00,1.21E-05,0.077751995,9.43E-07,0
02-05-2023 04:00,1.80E-05,0.084726919,1.53E-06,1
02-05-2023 04:00,1.91E-05,0.077907411,1.48E-06,0
02-05-2023 05:00,0.01552295,0.086262493,0.001339048,1
02-05-2023 05:00,0.015584938,0.079351461,0.001236688,0
02-05-2023 06:00,1.171834662,0.206743899,0.242269667,1
02-05-2023 06:00,1.178812135,0.201737999,0.237811202,0
02-05-2023 07:00,4.548836675,0.55835758,2.539877438,1
02-05-2023 07:00,4.583272775,0.557655398,2.555886801,0
02-05-2023 08:00,6.524703783,0.763597842,4.982249726,1
02-05-2023 08:00,6.613701583,0.764637165,5.057082029,0
02-05-2023 09:00,17.26103461,1.87051058,32.28694786,1
02-05-2023 09:00,17.30098141,1.900093597,32.87348399,0
02-05-2023 10:00,18.66371758,2.012644867,37.56343539,1
02-05-2023 10:00,18.67906933,2.051903117,38.32764058,0
02-05-2023 11:00,18.63304771,2.009012171,37.43401965,1
02-05-2023 11:00,18.71890643,2.042217471,38.22807775,0
02-05-2023 12:00,19.006958,2.047201557,38.91107401,1
02-05-2023 12:00,19.02779929,2.058823171,39.17487407,0
02-05-2023 13:00,19.0056665,2.047956075,38.92277017,1
02-05-2023 13:00,18.99441633,2.06147875,39.15658564,0
02-05-2023 14:00,18.64317042,2.00936805,37.46099099,1
02-05-2023 14:00,18.58251208,2.042794217,37.96024821,0
02-05-2023 15:00,17.966828,1.941530033,34.88313617,1
02-05-2023 15:00,17.89256775,1.969099992,35.23225501,0
02-05-2023 16:00,14.76456581,1.609944974,23.77013852,1
02-05-2023 16:00,14.75292797,1.629904246,24.04585994,0
02-05-2023 17:00,5.473364692,0.652028765,3.56879122,1
02-05-2023 17:00,5.857760608,0.680434431,3.985822005,0
02-05-2023 18:00,0.446112987,0.131779163,0.058788396,1
02-05-2023 18:00,0.456575169,0.125933297,0.057498017,0
02-05-2023 19:00,8.50E-05,0.085608648,7.28E-06,1
02-05-2023 19:00,8.43E-05,0.078707344,6.64E-06,0
02-05-2023 20:00,8.24E-05,0.08546893,7.04E-06,1
02-05-2023 20:00,8.38E-05,0.078662911,6.59E-06,0
02-05-2023 21:00,8.44E-05,0.085425045,7.21E-06,1
02-05-2023 21:00,8.60E-05,0.078707277,6.77E-06,0
02-05-2023 22:00,8.41E-05,0.085255983,7.17E-06,1
02-05-2023 22:00,8.59E-05,0.078536939,6.75E-06,0
02-05-2023 23:00,7.34E-05,0.08554249,6.28E-06,1
02-05-2023 23:00,7.53E-05,0.078551728,5.91E-06,0
03-05-2023 00:00,6.55E-05,0.085652797,5.61E-06,1
03-05-2023 00:00,6.74E-05,0.078588833,5.30E-06,0
03-05-2023 01:00,4.50E-05,0.085571967,3.85E-06,1
03-05-2023 01:00,4.66E-05,0.0786332,3.67E-06,0
03-05-2023 02:00,2.58E-05,0.085439652,2.21E-06,1
03-05-2023 02:00,2.74E-05,0.078573977,2.15E-06,0
03-05-2023 03:00,9.72E-06,0.085380698,8.30E-07,1
03-05-2023 03:00,9.83E-06,0.078662978,7.73E-07,0
03-05-2023 04:00,6.15E-06,0.085630657,5.27E-07,1
03-05-2023 04:00,5.97E-06,0.078470455,4.69E-07,0
03-05-2023 05:00,0.067304872,0.092544571,0.0062287,1
03-05-2023 05:00,0.06986526,0.085735269,0.005989917,0
03-05-2023 06:00,2.292642882,0.323301908,0.741215817,1
03-05-2023 06:00,2.401875983,0.325924058,0.782829168,0
03-05-2023 07:00,11.49303699,1.27294449,14.62999811,1
03-05-2023 07:00,12.27569158,1.354796923,16.63106918,0
03-05-2023 08:00,18.22819242,1.965423708,35.82612154,1
03-05-2023 08:00,18.29294367,2.002188767,36.62592632,0
03-05-2023 09:00,18.81510833,2.023967117,38.08116056,1
03-05-2023 09:00,18.98667533,2.074883017,39.39513019,0
03-05-2023 10:00,19.02695655,2.045106109,38.91214507,1
03-05-2023 10:00,19.23897945,2.101462791,40.42999946,0
03-05-2023 11:00,18.65119883,1.998964225,37.28307922,1
03-05-2023 11:00,18.78259833,2.058938633,38.67221734,0
03-05-2023 12:00,18.67828877,2.004240167,37.4357766,1
03-05-2023 12:00,18.81610846,2.059832382,38.75802951,0
03-05-2023 13:00,18.43485317,1.985841775,36.60870153,1
03-05-2023 13:00,18.49754842,2.030996808,37.5684618,0
03-05-2023 14:00,18.45472342,1.988200333,36.69168725,1
03-05-2023 14:00,18.48132575,2.023028458,37.38824794,0
03-05-2023 15:00,14.3032815,1.56153117,22.3350199,1
03-05-2023 15:00,14.2043359,1.56869717,22.28230153,0
03-05-2023 16:00,6.684654733,0.777241738,5.195592665,1
03-05-2023 16:00,6.61771765,0.779959471,5.161551556,0
03-05-2023 17:00,2.553571692,0.350391692,0.894750305,1
03-05-2023 17:00,2.519165067,0.346933956,0.873983902,0
03-05-2023 18:00,0.122514302,0.09841503,0.012057249,1
03-05-2023 18:00,0.121109203,0.091408077,0.011070359,0
03-05-2023 19:00,6.81E-05,0.085483603,5.82E-06,1
03-05-2023 19:00,6.64E-05,0.078462928,5.21E-06,0
03-05-2023 20:00,3.18E-05,0.085277925,2.71E-06,1
03-05-2023 20:00,3.48E-05,0.078573844,2.74E-06,0
03-05-2023 21:00,2.76E-05,0.085424847,2.36E-06,1
03-05-2023 21:00,2.70E-05,0.078588833,2.13E-06,0
03-05-2023 22:00,2.71E-05,0.085498473,2.32E-06,1
03-05-2023 22:00,2.73E-05,0.078559189,2.14E-06,0
03-05-2023 23:00,2.12E-05,0.085520548,1.81E-06,1
03-05-2023 23:00,2.11E-05,0.078514755,1.65E-06,0
04-05-2023 00:00,2.28E-05,0.085535088,1.95E-06,1
04-05-2023 00:00,2.23E-05,0.078596161,1.76E-06,0
04-05-2023 01:00,2.76E-05,0.085674806,2.37E-06,1
04-05-2023 01:00,2.75E-05,0.078492572,2.16E-06,0
04-05-2023 02:00,2.49E-05,0.085645395,2.14E-06,1
04-05-2023 02:00,2.47E-05,0.078596227,1.94E-06,0
04-05-2023 03:00,1.93E-05,0.085483735,1.65E-06,1
04-05-2023 03:00,1.89E-05,0.078522083,1.48E-06,0
04-05-2023 04:00,1.50E-05,0.085535088,1.28E-06,1
04-05-2023 04:00,1.51E-05,0.078566583,1.18E-06,0
04-05-2023 05:00,0.043777762,0.090097924,0.003944286,1
04-05-2023 05:00,0.043653036,0.08329137,0.003635921,0
04-05-2023 06:00,1.99162486,0.292178745,0.581910452,1
04-05-2023 06:00,1.987424762,0.287355273,0.571096986,0
04-05-2023 07:00,8.08800465,0.923975278,7.473116341,1
04-05-2023 07:00,8.192807025,0.925518272,7.582592598,0
04-05-2023 08:00,14.75169867,1.609158133,23.73781589,1
04-05-2023 08:00,14.69875383,1.610204467,23.66799908,0
04-05-2023 09:00,18.50196492,1.995724075,36.92481682,1
04-05-2023 09:00,18.598596,2.030152717,37.7579902,0
04-05-2023 10:00,18.76551517,2.024782733,37.99609109,1
04-05-2023 10:00,18.96949942,2.069313992,39.25385056,0
04-05-2023 11:00,18.84752542,2.033900767,38.33399639,1
04-05-2023 11:00,19.00989825,2.077245508,39.48822575,0
04-05-2023 12:00,18.72938492,2.021799767,37.86706605,1
04-05-2023 12:00,18.82374717,2.068810317,38.94276234,0
04-05-2023 13:00,18.79121925,2.026920683,38.08831096,1
04-05-2023 13:00,18.82918275,2.069247233,38.96223431,0
04-05-2023 14:00,18.70421792,2.014849175,37.68617804,1
04-05-2023 14:00,18.70189383,2.051118192,38.35979466,0
04-05-2023 15:00,17.5768835,1.89546806,33.31642127,1
04-05-2023 15:00,17.5236828,1.92287366,33.69582808,0
04-05-2023 16:00,12.87883652,1.410640845,18.16741284,1
04-05-2023 16:00,12.8924432,1.43465299,18.49618219,0
04-05-2023 17:00,2.393366983,0.332699217,0.796271321,1
04-05-2023 17:00,2.402865017,0.33156709,0.796710961,0
04-05-2023 18:00,0.335297969,0.120288136,0.040332368,1
04-05-2023 18:00,0.335166421,0.114076863,0.038234734,0
04-05-2023 19:00,6.10E-05,0.085917296,5.24E-06,1
04-05-2023 19:00,6.14E-05,0.078737122,4.84E-06,0
04-05-2023 20:00,4.54E-05,0.085593975,3.88E-06,1
04-05-2023 20:00,4.41E-05,0.078573778,3.47E-06,0
04-05-2023 21:00,4.69E-05,0.085329345,4.00E-06,1
04-05-2023 21:00,4.65E-05,0.078914589,3.67E-06,0
04-05-2023 22:00,4.74E-05,0.085388166,4.05E-06,1
04-05-2023 22:00,4.75E-05,0.078618411,3.73E-06,0
04-05-2023 23:00,5.58E-05,0.085564631,4.78E-06,1
04-05-2023 23:00,5.60E-05,0.0788553,4.41E-06,0
05-05-2023 00:00,7.76E-05,0.085270655,6.62E-06,1
05-05-2023 00:00,7.79E-05,0.078544333,6.12E-06,0
05-05-2023 01:00,8.66E-05,0.085476333,7.40E-06,1
05-05-2023 01:00,8.73E-05,0.078544467,6.86E-06,0
05-05-2023 02:00,3.66E-05,0.085755636,3.14E-06,1
05-05-2023 02:00,3.69E-05,0.078884878,2.91E-06,0
05-05-2023 03:00,2.20E-05,0.085432316,1.88E-06,1
05-05-2023 03:00,2.28E-05,0.0785001,1.79E-06,0
05-05-2023 04:00,1.80E-05,0.085446856,1.54E-06,1
05-05-2023 04:00,1.82E-05,0.078647989,1.43E-06,0
05-05-2023 05:00,0.056781052,0.091236485,0.005180504,1
05-05-2023 05:00,0.056933771,0.084424586,0.00480661,0
05-05-2023 06:00,4.014726283,0.500600337,2.009773329,1
05-05-2023 06:00,4.095466,0.503290333,2.061208448,0
05-05-2023 07:00,10.30093505,1.148913817,11.8348866,1
05-05-2023 07:00,10.3774764,1.156235155,11.99880303,0
05-05-2023 08:00,16.104959,1.740800383,28.0355188,1
05-05-2023 08:00,15.9638275,1.755163733,28.01913107,0
05-05-2023 09:00,18.80460817,2.017942333,37.94661488,1
05-05-2023 09:00,18.92649867,2.07612715,39.29381774,0
05-05-2023 10:00,18.98854471,2.041647029,38.76790589,1
05-05-2023 10:00,19.19492829,2.097417386,40.2597763,0
05-05-2023 11:00,18.80733042,2.025502758,38.09429964,1
05-05-2023 11:00,18.98501817,2.077852775,39.44807268,0
05-05-2023 12:00,15.85835375,1.720477925,27.28394755,1
05-05-2023 12:00,15.92292892,1.747810183,27.83025731,0
05-05-2023 13:00,13.20931603,1.447634606,19.12226301,1
05-05-2023 13:00,13.24733772,1.468474449,19.45337696,0
05-05-2023 14:00,10.71397719,1.190536323,12.75537901,1
05-05-2023 14:00,10.69321966,1.193670863,12.76418474,0
05-05-2023 15:00,3.552259694,0.453143813,1.609684501,1
05-05-2023 15:00,3.663133199,0.451028358,1.652176953,0
05-05-2023 16:00,0.788445968,0.167112495,0.131759173,1
05-05-2023 16:00,0.799833797,0.161562156,0.129222872,0
05-05-2023 17:00,0.246460133,0.111081761,0.027377226,1
05-05-2023 17:00,0.250022536,0.104693837,0.026175818,0
05-05-2023 18:00,0.053829867,0.091398278,0.004919957,1
05-05-2023 18:00,0.054579646,0.084305875,0.004601385,0
05-05-2023 19:00,4.52E-05,0.08559391,3.87E-06,1
05-05-2023 19:00,4.62E-05,0.0785887,3.63E-06,0
05-05-2023 20:00,4.58E-05,0.085439652,3.91E-06,1
05-05-2023 20:00,4.72E-05,0.078588833,3.71E-06,0
05-05-2023 21:00,3.63E-05,0.085807055,3.12E-06,1
05-05-2023 21:00,3.72E-05,0.078662844,2.92E-06,0
05-05-2023 22:00,6.50E-05,0.085520614,5.56E-06,1
05-05-2023 22:00,6.61E-05,0.078692422,5.20E-06,0
05-05-2023 23:00,0.00013688,0.085417511,1.17E-05,1
05-05-2023 23:00,0.00013896,0.078603689,1.09E-05,0
06-05-2023 00:00,0.00015798,0.085564433,1.35E-05,1
06-05-2023 00:00,0.000160963,0.0785444,1.26E-05,0
06-05-2023 01:00,0.000136339,0.085608648,1.17E-05,1
06-05-2023 01:00,0.000139467,0.078699949,1.10E-05,0
06-05-2023 02:00,8.71E-05,0.085527752,7.45E-06,1
06-05-2023 02:00,8.95E-05,0.078670239,7.04E-06,0
06-05-2023 03:00,0.000102384,0.085674872,8.77E-06,1
06-05-2023 03:00,0.000105646,0.078411033,8.28E-06,0
06-05-2023 04:00,4.49E-05,0.085564499,3.84E-06,1
06-05-2023 04:00,4.61E-05,0.078662844,3.63E-06,0
06-05-2023 05:00,0.067929984,0.092617999,0.006291539,1
06-05-2023 05:00,0.068976388,0.085927724,0.005926984,0
06-05-2023 06:00,3.019534743,0.398229964,1.202469213,1
06-05-2023 06:00,3.118177921,0.39783322,1.240514763,0
06-05-2023 07:00,14.44822253,1.57663905,22.77963184,1
06-05-2023 07:00,14.59625042,1.597296717,23.31454287,0
06-05-2023 08:00,16.49021442,1.788492058,29.49261752,1
06-05-2023 08:00,16.4218895,1.799131625,29.54514074,0
06-05-2023 09:00,19.113418,2.05683905,39.31322452,1
06-05-2023 09:00,19.35842108,2.112177892,40.88842903,0
06-05-2023 10:00,18.84047933,2.030873708,38.26263413,1
06-05-2023 10:00,19.09586225,2.085606492,39.82645427,0
06-05-2023 11:00,18.867109,2.033371833,38.36384802,1
06-05-2023 11:00,18.96523075,2.074860983,39.35021732,0
06-05-2023 12:00,17.83893733,1.928907133,34.40965347,1
06-05-2023 12:00,17.94036433,1.966752317,35.28425311,0
06-05-2023 13:00,12.49147365,1.378745943,17.22256862,1
06-05-2023 13:00,12.61462528,1.39747603,17.62863646,0
06-05-2023 14:00,6.621028675,0.773553433,5.121719458,1
06-05-2023 14:00,6.723123733,0.7757531,5.215484078,0
06-05-2023 15:00,5.9408353,0.702872165,4.175647769,1
06-05-2023 15:00,6.017140458,0.704443688,4.238736618,0
06-05-2023 16:00,3.300432033,0.428405503,1.413923244,1
06-05-2023 16:00,3.342331533,0.42687842,1.426769204,0
06-05-2023 17:00,0.339591349,0.120853679,0.041040864,1
06-05-2023 17:00,0.344395945,0.114654496,0.039486543,0
06-05-2023 18:00,0.015990399,0.087239724,0.001394998,1
06-05-2023 18:00,0.016180138,0.080455099,0.001301775,0
06-05-2023 19:00,2.69E-05,0.08551308,2.30E-06,1
06-05-2023 19:00,2.72E-05,0.078744383,2.14E-06,0
06-05-2023 20:00,2.68E-05,0.085520416,2.29E-06,1
06-05-2023 20:00,2.72E-05,0.078574044,2.13E-06,0
06-05-2023 21:00,3.97E-05,0.085520416,3.40E-06,1
06-05-2023 21:00,3.99E-05,0.078596228,3.14E-06,0
06-05-2023 22:00,4.67E-05,0.08538083,3.98E-06,1
06-05-2023 22:00,4.71E-05,0.078618411,3.70E-06,0
06-05-2023 23:00,7.34E-05,0.085520482,6.28E-06,1
06-05-2023 23:00,7.42E-05,0.078640594,5.84E-06,0
07-05-2023 00:00,7.51E-05,0.085520416,6.42E-06,1
07-05-2023 00:00,7.61E-05,0.078796011,5.99E-06,0
07-05-2023 01:00,4.52E-05,0.085564499,3.86E-06,1
07-05-2023 01:00,4.62E-05,0.078574044,3.63E-06,0
07-05-2023 02:00,5.29E-05,0.085785047,4.54E-06,1
07-05-2023 02:00,5.36E-05,0.078566583,4.21E-06,0
07-05-2023 03:00,5.44E-05,0.085491005,4.65E-06,1
07-05-2023 03:00,5.58E-05,0.078440811,4.38E-06,0
07-05-2023 04:00,3.74E-05,0.085344149,3.19E-06,1
07-05-2023 04:00,3.83E-05,0.07865545,3.01E-06,0
07-05-2023 05:00,0.053075181,0.090964782,0.004827972,1
07-05-2023 05:00,0.053562933,0.084106025,0.004504965,0
07-05-2023 06:00,2.003213476,0.29350124,0.587945639,1
07-05-2023 06:00,2.021148683,0.289028884,0.584170348,0
07-05-2023 07:00,10.95825771,1.220712118,13.37687798,1
07-05-2023 07:00,11.01755913,1.221931667,13.46270438,0
07-05-2023 08:00,18.13078425,1.958355525,35.50652151,1
07-05-2023 08:00,18.22944317,1.9744619,35.99334099,0
07-05-2023 09:00,18.56776233,2.002086883,37.17427342,1
07-05-2023 09:00,18.7525055,2.03007865,38.06906105,0
07-05-2023 10:00,18.84824767,2.026347675,38.19310284,1
07-05-2023 10:00,19.07263017,2.064129958,39.36838731,0
07-05-2023 11:00,18.87424825,2.026538742,38.2493953,1
07-05-2023 11:00,19.16758525,2.074194333,39.75729671,0
07-05-2023 12:00,18.46187242,1.989427325,36.72855346,1
07-05-2023 12:00,18.711181,2.0264646,37.91754592,0
07-05-2023 13:00,18.08546958,1.954027883,35.33951185,1
07-05-2023 13:00,18.19147992,1.972469575,35.88214066,0
07-05-2023 14:00,17.74088017,1.9191061,34.04663135,1
07-05-2023 14:00,17.82520558,1.93399705,34.47389501,0
07-05-2023 15:00,18.22500775,1.969134083,35.88748393,1
07-05-2023 15:00,18.314305,1.984074342,36.33694264,0
07-05-2023 16:00,9.10862935,1.029343308,9.375906662,1
07-05-2023 16:00,9.116453742,1.032456401,9.412341018,0
07-05-2023 17:00,1.61779956,0.253730117,0.410484472,1
07-05-2023 17:00,1.614640443,0.249089928,0.402190671,0
07-05-2023 18:00,0.040058471,0.089914256,0.003601828,1
07-05-2023 18:00,0.040106323,0.083032232,0.003330117,0
07-05-2023 19:00,8.12E-05,0.085799653,6.97E-06,1
07-05-2023 19:00,6.10E-05,0.078929444,4.82E-06,0
07-05-2023 20:00,3.83E-05,0.085579237,3.28E-06,1
07-05-2023 20:00,4.04E-05,0.078840711,3.19E-06,0
07-05-2023 21:00,4.04E-05,0.085645395,3.46E-06,1
07-05-2023 21:00,4.07E-05,0.078729461,3.21E-06,0
07-05-2023 22:00,2.50E-05,0.085446856,2.14E-06,1
07-05-2023 22:00,2.56E-05,0.078544333,2.01E-06,0
07-05-2023 23:00,1.97E-05,0.085454456,1.69E-06,1
07-05-2023 23:00,1.95E-05,0.078729594,1.53E-06,0
08-05-2023 00:00,2.10E-05,0.085660067,1.80E-06,1
08-05-2023 00:00,2.10E-05,0.078685094,1.65E-06,0
08-05-2023 01:00,2.97E-05,0.085623386,2.54E-06,1
08-05-2023 01:00,3.00E-05,0.078603622,2.36E-06,0
08-05-2023 02:00,4.35E-05,0.085572033,3.73E-06,1
08-05-2023 02:00,4.34E-05,0.078603622,3.41E-06,0
08-05-2023 03:00,5.71E-05,0.085366026,4.87E-06,1
08-05-2023 03:00,5.75E-05,0.078736922,4.53E-06,0
08-05-2023 04:00,6.97E-05,0.085410241,5.95E-06,1
08-05-2023 04:00,7.09E-05,0.0786332,5.57E-06,0
08-05-2023 05:00,0.178303414,0.103954835,0.018535502,1
08-05-2023 05:00,0.180054163,0.097517825,0.01755849,0
08-05-2023 06:00,2.94665305,0.391565941,1.153808974,1
08-05-2023 06:00,3.018738142,0.396766753,1.197734932,0
08-05-2023 07:00,12.07053525,1.336454877,16.1317257,1
08-05-2023 07:00,12.45722415,1.390277833,17.3190026,0
08-05-2023 08:00,19.00981467,2.052790758,39.02317187,1
08-05-2023 08:00,19.19720608,2.084969667,40.02559237,0
08-05-2023 09:00,19.16286317,2.0681687,39.6320338,1
08-05-2023 09:00,19.47125592,2.109741517,41.07931699,0
08-05-2023 10:00,18.917758,2.0432172,38.65308853,1
08-05-2023 10:00,19.23549375,2.091249667,40.22621989,0
08-05-2023 11:00,18.71742167,2.023026817,37.86584597,1
08-05-2023 11:00,18.8728315,2.061063933,38.89811232,0
08-05-2023 12:00,18.50296483,2.00033075,37.01204952,1
08-05-2023 12:00,18.58427167,2.047607817,38.05329993,0
08-05-2023 13:00,18.74510725,2.025392458,37.96619885,1
08-05-2023 13:00,18.81509925,2.066773842,38.88655496,0
08-05-2023 14:00,17.83813158,1.933557992,34.49106188,1
08-05-2023 14:00,17.84858542,1.965248967,35.07691405,0
08-05-2023 15:00,17.92460533,1.948620092,34.92824609,1
08-05-2023 15:00,17.95319842,1.975313283,35.46319131,0
08-05-2023 16:00,14.24727412,1.567873708,22.3379265,1
08-05-2023 16:00,14.22801943,1.584907017,22.55008782,0
08-05-2023 17:00,6.519691517,0.766103308,4.994757235,1
08-05-2023 17:00,6.573717758,0.780559281,5.131176406,0
08-05-2023 18:00,0.252113431,0.11219858,0.028286769,1
08-05-2023 18:00,0.251790237,0.105656518,0.02660328,0
08-05-2023 19:00,1.90E-05,0.085652731,1.63E-06,1
08-05-2023 19:00,1.79E-05,0.078611083,1.41E-06,0
08-05-2023 20:00,1.51E-05,0.085638059,1.30E-06,1
08-05-2023 20:00,1.46E-05,0.078848172,1.15E-06,0
08-05-2023 21:00,2.07E-05,0.085388298,1.77E-06,1
08-05-2023 21:00,2.02E-05,0.078692489,1.59E-06,0
08-05-2023 22:00,2.43E-05,0.085219104,2.07E-06,1
08-05-2023 22:00,2.42E-05,0.078537005,1.90E-06,0
08-05-2023 23:00,3.36E-05,0.085505677,2.87E-06,1
08-05-2023 23:00,3.27E-05,0.078529611,2.57E-06,0
09-05-2023 00:00,4.86E-05,0.085292598,4.15E-06,1
09-05-2023 00:00,4.72E-05,0.078677766,3.71E-06,0
09-05-2023 01:00,6.24E-05,0.085366224,5.32E-06,1
09-05-2023 01:00,6.12E-05,0.078603622,4.81E-06,0
09-05-2023 02:00,6.71E-05,0.085483536,5.74E-06,1
09-05-2023 02:00,6.60E-05,0.078640727,5.19E-06,0
09-05-2023 03:00,5.56E-05,0.085469062,4.75E-06,1
09-05-2023 03:00,5.50E-05,0.078514755,4.32E-06,0
09-05-2023 04:00,5.53E-05,0.085461594,4.72E-06,1
09-05-2023 04:00,5.48E-05,0.078455533,4.30E-06,0
09-05-2023 05:00,0.140559953,0.099899186,0.014041825,1
09-05-2023 05:00,0.14042165,0.09371861,0.013160122,0
09-05-2023 06:00,2.443491111,0.340450711,0.831888286,1
09-05-2023 06:00,2.514069093,0.347407999,0.873407713,0
09-05-2023 07:00,11.99659827,1.333354257,15.99571538,1
09-05-2023 07:00,12.48623277,1.403585982,17.52550128,0
09-05-2023 08:00,18.849748,2.042460492,38.49986557,1
09-05-2023 08:00,19.02890758,2.090805258,39.78574004,0
09-05-2023 09:00,18.87259983,2.045862292,38.61074034,1
09-05-2023 09:00,19.16749275,2.102883933,40.30701255,0
09-05-2023 10:00,18.69263442,2.024275842,37.83904827,1
09-05-2023 10:00,18.9181935,2.0750756,39.25668173,0
09-05-2023 11:00,18.19222,1.972998608,35.89322474,1
09-05-2023 11:00,18.3196475,2.011379017,36.84775457,0
09-05-2023 12:00,18.46475158,2.001050742,36.94890485,1
09-05-2023 12:00,18.49103883,2.032285333,37.57906702,0
09-05-2023 13:00,18.43816775,1.99823685,36.84382624,1
09-05-2023 13:00,18.471048,2.027397783,37.44816177,0
09-05-2023 14:00,18.46045517,1.999941142,36.91982378,1
09-05-2023 14:00,18.4509275,2.028834108,37.43387104,0
09-05-2023 15:00,18.43553842,1.997266917,36.82069097,1
09-05-2023 15:00,18.43186275,2.031582042,37.44584136,0
09-05-2023 16:00,12.9457966,1.43061056,18.52039332,1
09-05-2023 16:00,12.92675663,1.45340364,18.78779514,0
09-05-2023 17:00,5.2174134,0.629222522,3.282914016,1
09-05-2023 17:00,5.203328258,0.636318754,3.310975355,0
09-05-2023 18:00,0.528568307,0.140713566,0.074376731,1
09-05-2023 18:00,0.523928898,0.135057183,0.070760361,0
09-05-2023 19:00,2.84E-05,0.085505677,2.43E-06,1
09-05-2023 19:00,2.74E-05,0.078440678,2.15E-06,0
09-05-2023 20:00,1.90E-05,0.085307402,1.62E-06,1
09-05-2023 20:00,1.81E-05,0.078285128,1.41E-06,0
09-05-2023 21:00,1.50E-05,0.085424979,1.28E-06,1
09-05-2023 21:00,1.39E-05,0.078522083,1.09E-06,0
09-05-2023 22:00,1.35E-05,0.085402905,1.15E-06,1
09-05-2023 22:00,1.24E-05,0.078344483,9.72E-07,0
09-05-2023 23:00,1.48E-05,0.085270655,1.26E-06,1
09-05-2023 23:00,1.38E-05,0.078566583,1.08E-06,0
10-05-2023 00:00,2.90E-05,0.085351353,2.48E-06,1
10-05-2023 00:00,2.79E-05,0.078292655,2.19E-06,0
10-05-2023 01:00,3.89E-05,0.085535154,3.33E-06,1
10-05-2023 01:00,3.77E-05,0.078455533,2.96E-06,0
10-05-2023 02:00,3.90E-05,0.085278057,3.32E-06,1
10-05-2023 02:00,3.80E-05,0.078433283,2.98E-06,0
10-05-2023 03:00,4.62E-05,0.085410307,3.95E-06,1
10-05-2023 03:00,4.53E-05,0.078551861,3.56E-06,0
10-05-2023 04:00,4.68E-05,0.085263253,3.99E-06,1
10-05-2023 04:00,4.54E-05,0.078477783,3.56E-06,0
10-05-2023 05:00,0.086119659,0.094506172,0.008138839,1
10-05-2023 05:00,0.085823149,0.087920029,0.007545574,0
10-05-2023 06:00,2.590231518,0.355549353,0.920955141,1
10-05-2023 06:00,2.625054138,0.358879392,0.942077832,0
10-05-2023 07:00,13.14572658,1.452888027,19.09926875,1
10-05-2023 07:00,13.52202903,1.505902955,20.36286348,0
10-05-2023 08:00,18.55717875,2.011153592,37.32133669,1
10-05-2023 08:00,18.70886608,2.060864142,38.55643124,0
10-05-2023 09:00,18.49098358,2.0018149,37.01552645,1
10-05-2023 09:00,18.66585617,2.055339433,38.36467024,0
10-05-2023 10:00,18.79009883,2.03102795,38.16321591,1
10-05-2023 10:00,19.01006475,2.088783383,39.70790737,0
10-05-2023 11:00,18.61880925,2.011182858,37.44583001,1
10-05-2023 11:00,18.84252542,2.068291967,38.97184395,0
10-05-2023 12:00,18.68550467,2.012468733,37.60399391,1
10-05-2023 12:00,18.76445042,2.059560717,38.64652495,0
10-05-2023 13:00,18.49746525,1.993946017,36.88294715,1
10-05-2023 13:00,18.59855908,2.041350117,37.96617075,0
10-05-2023 14:00,18.64494858,2.007942658,37.43798762,1
10-05-2023 14:00,18.69493058,2.051103333,38.34523444,0
10-05-2023 15:00,17.8424375,1.926247717,34.36895449,1
10-05-2023 15:00,17.81392783,1.958939542,34.89640763,0
10-05-2023 16:00,13.13248159,1.443409283,18.95554584,1
10-05-2023 16:00,12.88058962,1.441924525,18.57283808,0
10-05-2023 17:00,6.420282442,0.752613673,4.831992352,1
10-05-2023 17:00,6.331974608,0.752499086,4.764805104,0
10-05-2023 18:00,0.625792969,0.150632405,0.0942647,1
10-05-2023 18:00,0.617495793,0.144477246,0.089214092,0
10-05-2023 19:00,2.64E-05,0.085336747,2.25E-06,1
10-05-2023 19:00,2.43E-05,0.078603755,1.91E-06,0
10-05-2023 20:00,2.11E-05,0.085358689,1.80E-06,1
10-05-2023 20:00,1.93E-05,0.078537072,1.52E-06,0
10-05-2023 21:00,2.04E-05,0.085204498,1.74E-06,1
10-05-2023 21:00,1.84E-05,0.078596161,1.45E-06,0
10-05-2023 22:00,1.61E-05,0.085248449,1.37E-06,1
10-05-2023 22:00,1.43E-05,0.078366667,1.12E-06,0
10-05-2023 23:00,1.40E-05,0.085189759,1.20E-06,1
10-05-2023 23:00,1.21E-05,0.078603622,9.52E-07,0
11-05-2023 00:00,1.69E-05,0.085285261,1.44E-06,1
11-05-2023 00:00,1.53E-05,0.078433283,1.20E-06,0
11-05-2023 01:00,2.39E-05,0.085307468,2.04E-06,1
11-05-2023 01:00,2.20E-05,0.07852215,1.73E-06,0
11-05-2023 02:00,2.93E-05,0.085226572,2.50E-06,1
11-05-2023 02:00,2.74E-05,0.078307311,2.15E-06,0
11-05-2023 03:00,3.47E-05,0.08521917,2.96E-06,1
11-05-2023 03:00,3.31E-05,0.078551794,2.60E-06,0
11-05-2023 04:00,3.12E-05,0.085432183,2.66E-06,1
11-05-2023 04:00,2.96E-05,0.078603622,2.33E-06,0
11-05-2023 05:00,0.072112697,0.092787062,0.006691125,1
11-05-2023 05:00,0.070771556,0.086127841,0.006095401,0
11-05-2023 06:00,1.882029786,0.28115036,0.529133352,1
11-05-2023 06:00,1.845291622,0.274921073,0.507309553,0
11-05-2023 07:00,6.606011192,0.772348502,5.102142846,1
11-05-2023 07:00,6.507383842,0.768443573,5.000557292,0
11-05-2023 08:00,14.85521158,1.624286258,24.12911604,1
11-05-2023 08:00,14.72112458,1.61409235,23.76125457,0
11-05-2023 09:00,18.17122925,1.961999733,35.65194694,1
11-05-2023 09:00,18.26693425,2.002040742,36.57114659,0
11-05-2023 10:00,18.6835325,2.009970542,37.55334994,1
11-05-2023 10:00,18.89501683,2.068610475,39.08642975,0
11-05-2023 11:00,18.79482108,2.0171489,37.91195267,1
11-05-2023 11:00,19.10550133,2.096737233,40.05921601,0
11-05-2023 12:00,18.63448542,2.001910475,37.30457155,1
11-05-2023 12:00,18.79801558,2.070884033,38.92851033,0
11-05-2023 13:00,18.47831683,1.991940167,36.80770151,1
11-05-2023 13:00,18.605809,2.049962783,38.141216,0
11-05-2023 14:00,18.31645375,1.974865008,36.17252359,1
11-05-2023 14:00,18.41041783,2.028693675,37.34909821,0
11-05-2023 15:00,16.46971383,1.784458417,29.38951947,1
11-05-2023 15:00,16.28209092,1.801945567,29.33944154,0
11-05-2023 16:00,12.446648,1.370810233,17.06199245,1
11-05-2023 16:00,12.17908883,1.365742217,16.63349578,0
11-05-2023 17:00,8.840297258,0.999248668,8.833655256,1
11-05-2023 17:00,8.666491175,0.998005121,8.649202572,0
11-05-2023 18:00,0.549533778,0.142535714,0.078328189,1
11-05-2023 18:00,0.538890167,0.136271605,0.073435428,0
11-05-2023 19:00,2.49E-05,0.085410307,2.13E-06,1
11-05-2023 19:00,2.32E-05,0.078440678,1.82E-06,0
11-05-2023 20:00,1.64E-05,0.085410175,1.40E-06,1
11-05-2023 20:00,1.45E-05,0.078625872,1.14E-06,0
11-05-2023 21:00,1.44E-05,0.085270721,1.23E-06,1
11-05-2023 21:00,1.24E-05,0.078337022,9.73E-07,0
11-05-2023 22:00,1.22E-05,0.085189891,1.04E-06,1
11-05-2023 22:00,1.02E-05,0.078381389,8.02E-07,0
11-05-2023 23:00,1.15E-05,0.085130938,9.81E-07,1
11-05-2023 23:00,9.94E-06,0.078314772,7.78E-07,0
12-05-2023 00:00,1.20E-05,0.085233974,1.02E-06,1
12-05-2023 00:00,1.06E-05,0.078425955,8.29E-07,0
12-05-2023 01:00,1.39E-05,0.085513146,1.19E-06,1
12-05-2023 01:00,1.26E-05,0.078329628,9.88E-07,0
12-05-2023 02:00,1.73E-05,0.085307336,1.48E-06,1
12-05-2023 02:00,1.58E-05,0.078411033,1.24E-06,0
12-05-2023 03:00,2.23E-05,0.085439586,1.90E-06,1
12-05-2023 03:00,2.06E-05,0.078544466,1.62E-06,0
12-05-2023 04:00,2.34E-05,0.085476399,2.00E-06,1
12-05-2023 04:00,2.22E-05,0.078425955,1.74E-06,0
12-05-2023 05:00,0.085550018,0.094146171,0.008054207,1
12-05-2023 05:00,0.084296816,0.087586746,0.007383284,0
12-05-2023 06:00,3.241013694,0.421425495,1.3658458,1
12-05-2023 06:00,3.198158397,0.417384412,1.334861461,0
12-05-2023 07:00,13.10451538,1.440213695,18.87330252,1
12-05-2023 07:00,13.06517052,1.454166467,18.99893285,0
12-05-2023 08:00,17.96459617,1.940075342,34.85267005,1
12-05-2023 08:00,17.97746658,1.98359305,35.65997777,0
12-05-2023 09:00,18.95363808,2.043165767,38.72542449,1
12-05-2023 09:00,19.21398433,2.123279167,40.79665264,0
12-05-2023 10:00,18.95917533,2.044657325,38.76501672,1
12-05-2023 10:00,19.26802158,2.127300483,40.98887163,0
12-05-2023 11:00,18.79897842,2.034135917,38.23967719,1
12-05-2023 11:00,19.1577705,2.1149257,40.51726119,0
12-05-2023 12:00,18.61717067,2.015150417,37.51639923,1
12-05-2023 12:00,18.83877533,2.0735796,39.06370022,0
12-05-2023 13:00,18.52447475,2.005804592,37.15647651,1
12-05-2023 13:00,18.77691333,2.064663225,38.76800244,0
12-05-2023 14:00,18.251175,1.977862517,36.09831492,1
12-05-2023 14:00,18.41110308,2.031485717,37.40189294,0
12-05-2023 15:00,18.05223733,1.957635492,35.33970051,1
12-05-2023 15:00,18.09421933,1.998545158,36.16211444,0
12-05-2023 16:00,16.76591233,1.826198875,30.61789024,1
12-05-2023 16:00,16.73253267,1.855393042,31.04542468,0
12-05-2023 17:00,6.046265117,0.715355286,4.325227711,1
12-05-2023 17:00,5.95763775,0.716366865,4.267854278,0
12-05-2023 18:00,0.413473804,0.128061507,0.052950078,1
12-05-2023 18:00,0.407585725,0.121667699,0.049590017,0
12-05-2023 19:00,2.69E-05,0.084748994,2.28E-06,1
12-05-2023 19:00,2.47E-05,0.0779222,1.93E-06,0
12-05-2023 20:00,1.65E-05,0.084447616,1.40E-06,1
12-05-2023 20:00,1.48E-05,0.077603706,1.15E-06,0
12-05-2023 21:00,1.44E-05,0.084675368,1.22E-06,1
12-05-2023 21:00,1.31E-05,0.077662928,1.02E-06,0
12-05-2023 22:00,1.11E-05,0.084484429,9.34E-07,1
12-05-2023 22:00,1.02E-05,0.077596511,7.95E-07,0
12-05-2023 23:00,1.01E-05,0.084550586,8.57E-07,1
12-05-2023 23:00,9.42E-06,0.077588917,7.31E-07,0
13-05-2023 00:00,9.91E-06,0.084668164,8.39E-07,1
13-05-2023 00:00,9.10E-06,0.077529695,7.05E-07,0
13-05-2023 01:00,1.03E-05,0.084594604,8.75E-07,1
13-05-2023 01:00,9.24E-06,0.077640878,7.17E-07,0
13-05-2023 02:00,1.28E-05,0.084565127,1.08E-06,1
13-05-2023 02:00,1.20E-05,0.077737006,9.30E-07,0
13-05-2023 03:00,1.43E-05,0.084829626,1.21E-06,1
13-05-2023 03:00,1.33E-05,0.077907478,1.04E-06,0
13-05-2023 04:00,1.58E-05,0.0847636,1.34E-06,1
13-05-2023 04:00,1.48E-05,0.077759256,1.15E-06,0
13-05-2023 05:00,0.064423068,0.09140568,0.005888634,1
13-05-2023 05:00,0.063308495,0.084742814,0.00536494,0
13-05-2023 06:00,2.844673874,0.381926341,1.086455884,1
13-05-2023 06:00,2.794496724,0.378082111,1.05654922,0
13-05-2023 07:00,8.501396275,0.972364753,8.266458092,1
13-05-2023 07:00,8.351274725,0.974299529,8.136643033,0
13-05-2023 08:00,15.34221675,1.679428117,25.76615018,1
13-05-2023 08:00,15.09710217,1.677248292,25.32158882,0
13-05-2023 09:00,18.15889542,1.969281067,35.75996894,1
13-05-2023 09:00,18.24926692,1.99946355,36.48874401,0
13-05-2023 10:00,18.89890583,2.044716008,38.6428953,1
13-05-2023 10:00,19.13612208,2.092308525,40.03867137,0
13-05-2023 11:00,18.89794283,2.044187,38.63092907,1
13-05-2023 11:00,19.14610375,2.097596233,40.16079511,0
13-05-2023 12:00,18.69540283,2.023372025,37.82775509,1
13-05-2023 12:00,18.93647117,2.06989895,39.19658178,0
13-05-2023 13:00,18.60287383,2.014246542,37.47077428,1
13-05-2023 13:00,18.84025675,2.061071467,38.83111561,0
13-05-2023 14:00,18.09009883,1.961485617,35.48346867,1
13-05-2023 14:00,18.2528975,2.0119419,36.72376928,0
13-05-2023 15:00,16.581465,1.805934625,29.94504178,1
13-05-2023 15:00,16.5006865,1.827369342,30.15284863,0
13-05-2023 16:00,13.25639714,1.4627401,19.39066368,1
13-05-2023 16:00,13.07028588,1.46613355,19.16278464,0
13-05-2023 17:00,5.589024267,0.667994395,3.733436884,1
13-05-2023 17:00,5.525499808,0.670784746,3.706420985,0
13-05-2023 18:00,0.457698136,0.132322767,0.060563884,1
13-05-2023 18:00,0.453346294,0.126096308,0.057165294,0
13-05-2023 19:00,4.54E-05,0.084286088,3.82E-06,1
13-05-2023 19:00,4.33E-05,0.077559273,3.36E-06,0
13-05-2023 20:00,1.86E-05,0.084403665,1.57E-06,1
13-05-2023 20:00,1.64E-05,0.077707495,1.28E-06,0
13-05-2023 21:00,1.38E-05,0.084432944,1.17E-06,1
13-05-2023 21:00,1.17E-05,0.077707428,9.10E-07,0
13-05-2023 22:00,1.13E-05,0.08452111,9.59E-07,1
13-05-2023 22:00,9.13E-06,0.0776111,7.09E-07,0
13-05-2023 23:00,1.01E-05,0.084675368,8.58E-07,1
13-05-2023 23:00,8.52E-06,0.077751861,6.63E-07,0
14-05-2023 00:00,9.28E-06,0.084697508,7.86E-07,1
14-05-2023 00:00,7.36E-06,0.077648206,5.71E-07,0
14-05-2023 01:00,8.97E-06,0.084521176,7.58E-07,1
14-05-2023 01:00,7.16E-06,0.077603839,5.56E-07,0
14-05-2023 02:00,9.60E-06,0.084690106,8.13E-07,1
14-05-2023 02:00,7.72E-06,0.077818478,6.01E-07,0
14-05-2023 03:00,1.07E-05,0.084660629,9.03E-07,1
14-05-2023 03:00,8.74E-06,0.077833333,6.80E-07,0
14-05-2023 04:00,1.30E-05,0.084579799,1.10E-06,1
14-05-2023 04:00,1.13E-05,0.077951911,8.81E-07,0
14-05-2023 05:00,0.096300879,0.094616348,0.009111637,1
14-05-2023 05:00,0.095465216,0.087860807,0.008387651,0
14-05-2023 06:00,2.808038353,0.377841281,1.060992808,1
14-05-2023 06:00,2.829180117,0.381481358,1.079279474,0
14-05-2023 07:00,10.49847083,1.178530886,12.37277213,1
14-05-2023 07:00,10.5822867,1.206882622,12.77157792,0
14-05-2023 08:00,18.11872833,1.963454608,35.57530064,1
14-05-2023 08:00,18.16550658,1.988947225,36.13023391,0
14-05-2023 09:00,19.14105733,2.06537665,39.53349287,1
14-05-2023 09:00,19.42106075,2.125137892,41.2724321,0
14-05-2023 10:00,19.10617725,2.055377058,39.27039839,1
14-05-2023 10:00,19.43367208,2.125382517,41.30398688,0
14-05-2023 11:00,18.94357333,2.035340817,38.55662802,1
14-05-2023 11:00,19.27072558,2.109837975,40.65810864,0
14-05-2023 12:00,18.79269108,2.019588283,37.95349872,1
14-05-2023 12:00,19.1176775,2.098692258,40.12212177,0
14-05-2023 13:00,18.63585583,2.007075533,37.40357029,1
14-05-2023 13:00,18.93443442,2.077178825,39.33020623,0
14-05-2023 14:00,18.55240108,1.998743725,37.08149525,1
14-05-2023 14:00,18.82253408,2.062404467,38.81967837,0
14-05-2023 15:00,18.2348045,1.964284783,35.81834901,1
14-05-2023 15:00,18.44451075,2.023776233,37.32756249,0
14-05-2023 16:00,15.905456,1.7201766,27.36019322,1
14-05-2023 16:00,15.999254,1.767249867,28.2746795,0
14-05-2023 17:00,6.501501825,0.746133185,4.850986264,1
14-05-2023 17:00,6.492950267,0.770258012,5.001246968,0
14-05-2023 18:00,0.562144312,0.141448306,0.079514361,1
14-05-2023 18:00,0.551578781,0.136168081,0.075107424,0
14-05-2023 19:00,3.90E-05,0.084146304,3.28E-06,1
14-05-2023 19:00,3.73E-05,0.077189017,2.88E-06,0
14-05-2023 20:00,9.13E-06,0.084264013,7.69E-07,1
14-05-2023 20:00,7.78E-06,0.076892906,5.98E-07,0
14-05-2023 21:00,8.08E-06,0.084168511,6.80E-07,1
14-05-2023 21:00,6.76E-06,0.077240845,5.22E-07,0
14-05-2023 22:00,6.85E-06,0.084080278,5.76E-07,1
14-05-2023 22:00,5.92E-06,0.077203806,4.57E-07,0
14-05-2023 23:00,6.45E-06,0.084241872,5.43E-07,1
14-05-2023 23:00,5.61E-06,0.077114873,4.32E-07,0
15-05-2023 00:00,6.56E-06,0.084190453,5.52E-07,1
15-05-2023 00:00,5.53E-06,0.077344567,4.28E-07,0
15-05-2023 01:00,6.53E-06,0.084381524,5.51E-07,1
15-05-2023 01:00,5.94E-06,0.077581456,4.61E-07,0
15-05-2023 02:00,6.80E-06,0.084190585,5.73E-07,1
15-05-2023 02:00,6.10E-06,0.077426106,4.72E-07,0
15-05-2023 03:00,7.49E-06,0.084396263,6.32E-07,1
15-05-2023 03:00,6.79E-06,0.077492656,5.26E-07,0
15-05-2023 04:00,8.42E-06,0.084469756,7.11E-07,1
15-05-2023 04:00,7.90E-06,0.077544484,6.13E-07,0
15-05-2023 05:00,0.128858018,0.097599459,0.012576473,1
15-05-2023 05:00,0.126039264,0.091045283,0.01147528,0
15-05-2023 06:00,3.093432775,0.398773633,1.233579427,1
15-05-2023 06:00,3.249551375,0.423612338,1.376550056,0
15-05-2023 07:00,10.05335293,1.116703456,11.22661395,1
15-05-2023 07:00,10.16830233,1.148318981,11.67645456,0
15-05-2023 08:00,18.4751035,1.990919025,36.78243505,1
15-05-2023 08:00,18.60433683,2.036306833,37.88413822,0
15-05-2023 09:00,18.97190708,2.043966667,38.77794568,1
15-05-2023 09:00,19.23812325,2.105364792,40.50326735,0
15-05-2023 10:00,18.977972,2.0444295,38.79912581,1
15-05-2023 10:00,19.30379083,2.116540017,40.85724577,0
15-05-2023 11:00,18.80345983,2.025642408,38.08908566,1
15-05-2023 11:00,19.15863167,2.092019817,40.08023711,0
15-05-2023 12:00,18.59836458,2.004893508,37.28774042,1
15-05-2023 12:00,18.92864692,2.057013242,38.93647735,0
15-05-2023 13:00,18.50604867,1.995136167,36.922087,1
15-05-2023 13:00,18.80513583,2.04778555,38.50888543,0
15-05-2023 14:00,18.38852867,1.982902933,36.46266743,1
15-05-2023 14:00,18.68917133,2.039254233,38.11197176,0
15-05-2023 15:00,18.10238608,1.9539912,35.37190311,1
15-05-2023 15:00,18.33144458,2.0113273,36.87053494,0
15-05-2023 16:00,12.51864237,1.379407326,17.26830699,1
15-05-2023 16:00,12.44275056,1.391107209,17.3092,0
15-05-2023 17:00,3.529645625,0.452041733,1.595547126,1
15-05-2023 17:00,3.455582008,0.446547923,1.543082967,0
15-05-2023 18:00,0.553304872,0.142822154,0.079024193,1
15-05-2023 18:00,0.539739443,0.135760787,0.073275452,0
15-05-2023 19:00,9.30E-05,0.085197029,7.92E-06,1
15-05-2023 19:00,8.10E-05,0.078299917,6.34E-06,0
15-05-2023 20:00,3.19E-05,0.085116331,2.71E-06,1
15-05-2023 20:00,3.00E-05,0.078210983,2.35E-06,0
15-05-2023 21:00,2.38E-05,0.085439718,2.04E-06,1
15-05-2023 21:00,2.28E-05,0.07825555,1.78E-06,0
15-05-2023 22:00,9.56E-06,0.085131004,8.14E-07,1
15-05-2023 22:00,8.53E-06,0.078203589,6.67E-07,0
15-05-2023 23:00,7.65E-06,0.085263319,6.52E-07,1
15-05-2023 23:00,6.39E-06,0.078262945,5.00E-07,0
16-05-2023 00:00,8.03E-06,0.085314738,6.85E-07,1
16-05-2023 00:00,6.66E-06,0.078114856,5.20E-07,0
16-05-2023 01:00,6.45E-06,0.085351485,5.50E-07,1
16-05-2023 01:00,5.07E-06,0.0782778,3.97E-07,0
16-05-2023 02:00,6.33E-06,0.085197161,5.39E-07,1
16-05-2023 02:00,5.08E-06,0.078092606,3.96E-07,0
16-05-2023 03:00,6.48E-06,0.08513834,5.51E-07,1
16-05-2023 03:00,5.67E-06,0.078196261,4.43E-07,0
16-05-2023 04:00,7.31E-06,0.085263319,6.23E-07,1
16-05-2023 04:00,6.57E-06,0.078462928,5.16E-07,0
16-05-2023 05:00,0.158449287,0.101691856,0.016113002,1
16-05-2023 05:00,0.162519351,0.095244131,0.015479014,0
16-05-2023 06:00,3.303573758,0.428449653,1.415415029,1
16-05-2023 06:00,3.796637483,0.462707127,1.756731221,0
16-05-2023 07:00,12.31953974,1.361090353,16.76800669,1
16-05-2023 07:00,13.36597222,1.473976885,19.70113409,0
16-05-2023 08:00,18.54697508,1.998383742,37.06397346,1
16-05-2023 08:00,18.85450733,2.063530125,38.90684387,0
16-05-2023 09:00,18.95337908,2.043790325,38.7367328,1
16-05-2023 09:00,19.37846783,2.1140369,40.96679607,0
16-05-2023 10:00,18.90723942,2.038676483,38.54574436,1
16-05-2023 10:00,19.33292083,2.114725708,40.8838247,0
16-05-2023 11:00,18.66244867,2.012057267,37.54991545,1
16-05-2023 11:00,19.09489025,2.08936115,39.89612185,0
16-05-2023 12:00,18.51131733,1.992403033,36.88200481,1
16-05-2023 12:00,18.92033217,2.075816117,39.27513044,0
16-05-2023 13:00,18.39991783,1.979603975,36.42455048,1
16-05-2023 13:00,18.77655208,2.058568275,38.65281443,0
16-05-2023 14:00,17.72764858,1.918407925,34.00886153,1
16-05-2023 14:00,17.99173558,1.972936133,35.49654523,0
16-05-2023 15:00,18.17597958,1.962536108,35.67101624,1
16-05-2023 15:00,18.304574,2.011660583,36.82259001,0
16-05-2023 16:00,15.24958567,1.648319642,25.13619158,1
16-05-2023 16:00,15.32588342,1.720823658,26.37314277,0
16-05-2023 17:00,4.175268375,0.514935026,2.149991929,1
16-05-2023 17:00,4.240245983,0.535216231,2.269448473,0
16-05-2023 18:00,0.521328606,0.138479933,0.07219355,1
16-05-2023 18:00,0.519093379,0.13385002,0.069480659,0
16-05-2023 19:00,6.41E-05,0.084712115,5.43E-06,1
16-05-2023 19:00,6.22E-05,0.077818611,4.84E-06,0
16-05-2023 20:00,1.43E-05,0.084447616,1.20E-06,1
16-05-2023 20:00,1.58E-05,0.077811083,1.23E-06,0
16-05-2023 21:00,1.10E-05,0.08451384,9.28E-07,1
16-05-2023 21:00,1.04E-05,0.077877833,8.09E-07,0
16-05-2023 22:00,7.93E-06,0.084609342,6.71E-07,1
16-05-2023 22:00,7.42E-06,0.077966567,5.79E-07,0
16-05-2023 23:00,7.04E-06,0.084579997,5.96E-07,1
16-05-2023 23:00,6.38E-06,0.078003672,4.98E-07,0
17-05-2023 00:00,7.38E-06,0.084550521,6.24E-07,1
17-05-2023 00:00,7.20E-06,0.077774111,5.60E-07,0
17-05-2023 01:00,7.85E-06,0.08452111,6.63E-07,1
17-05-2023 01:00,7.17E-06,0.077751995,5.58E-07,0
17-05-2023 02:00,6.29E-06,0.084646023,5.33E-07,1
17-05-2023 02:00,5.96E-06,0.077722417,4.63E-07,0
17-05-2023 03:00,5.86E-06,0.084579931,4.96E-07,1
17-05-2023 03:00,6.10E-06,0.077729611,4.74E-07,0
17-05-2023 04:00,6.40E-06,0.0847636,5.43E-07,1
17-05-2023 04:00,6.49E-06,0.0776999,5.04E-07,0
17-05-2023 05:00,0.136908651,0.098730751,0.013517094,1
17-05-2023 05:00,0.136892938,0.092667132,0.012685476,0
17-05-2023 06:00,3.24090235,0.418508539,1.356345308,1
17-05-2023 06:00,3.474245633,0.449480456,1.561605511,0
17-05-2023 07:00,12.19870046,1.336682363,16.30578776,1
17-05-2023 07:00,13.11509269,1.460328114,19.15233858,0
17-05-2023 08:00,18.57973475,1.977238225,36.73656176,1
17-05-2023 08:00,18.70001442,2.071209833,38.73165374,0
17-05-2023 09:00,18.84036767,2.004754075,37.77030385,1
17-05-2023 09:00,19.08680667,2.117562108,40.41749857,0
17-05-2023 10:00,18.8134875,2.00517275,37.72429247,1
17-05-2023 10:00,19.09115875,2.114273833,40.36393739,0
17-05-2023 11:00,18.57117917,1.982160858,36.81106444,1
17-05-2023 11:00,18.82206208,2.081185283,39.17219861,0
17-05-2023 12:00,18.4949375,1.97734105,36.57079914,1
17-05-2023 12:00,18.60259625,2.060397425,38.32874141,0
17-05-2023 13:00,18.48347433,1.97456375,36.49679839,1
17-05-2023 13:00,18.50568733,2.037669475,37.70847419,0
17-05-2023 14:00,18.47029817,1.973057392,36.44295832,1
17-05-2023 14:00,18.47663158,2.031426433,37.5339178,0
17-05-2023 15:00,18.20532283,1.946056033,35.42857834,1
17-05-2023 15:00,18.16428533,2.000293033,36.33389341,0
17-05-2023 16:00,15.543645,1.676342217,26.05646831,1
17-05-2023 16:00,15.6113965,1.729792,27.00446877,0
17-05-2023 17:00,5.858610342,0.687648468,4.028664428,1
17-05-2023 17:00,5.988908992,0.717122171,4.294779417,0
17-05-2023 18:00,0.526758355,0.139699587,0.073587925,1
17-05-2023 18:00,0.52553946,0.134523983,0.070697661,0
17-05-2023 19:00,3.94E-05,0.085513079,3.37E-06,1
17-05-2023 19:00,3.99E-05,0.078337022,3.13E-06,0
17-05-2023 20:00,1.30E-05,0.085682208,1.11E-06,1
17-05-2023 20:00,1.33E-05,0.078492306,1.04E-06,0
17-05-2023 21:00,2.20E-05,0.08554249,1.88E-06,1
17-05-2023 21:00,2.23E-05,0.07838885,1.75E-06,0
17-05-2023 22:00,1.86E-05,0.085549893,1.59E-06,1
17-05-2023 22:00,1.93E-05,0.078418494,1.51E-06,0
17-05-2023 23:00,2.87E-05,0.085505677,2.45E-06,1
17-05-2023 23:00,2.91E-05,0.078485111,2.28E-06,0
18-05-2023 00:00,4.09E-05,0.085520416,3.49E-06,1
18-05-2023 00:00,4.12E-05,0.078618478,3.24E-06,0
18-05-2023 01:00,1.75E-05,0.085645329,1.50E-06,1
18-05-2023 01:00,1.79E-05,0.078351944,1.41E-06,0
18-05-2023 02:00,1.19E-05,0.085645461,1.02E-06,1
18-05-2023 02:00,1.21E-05,0.078373994,9.47E-07,0
18-05-2023 03:00,1.06E-05,0.085402838,9.04E-07,1
18-05-2023 03:00,1.09E-05,0.0785444,8.52E-07,0
18-05-2023 04:00,1.07E-05,0.085615918,9.14E-07,1
18-05-2023 04:00,1.13E-05,0.078448006,8.88E-07,0
18-05-2023 05:00,0.187684041,0.104799816,0.019669253,1
18-05-2023 05:00,0.188084116,0.098502753,0.018526803,0
18-05-2023 06:00,3.5311991,0.448845805,1.584963903,1
18-05-2023 06:00,3.605696842,0.459722568,1.657620213,0
18-05-2023 07:00,10.10389353,1.123234968,11.34904652,1
18-05-2023 07:00,10.22634761,1.151458748,11.77521742,0
18-05-2023 08:00,18.19064575,1.947378592,35.4240741,1
18-05-2023 08:00,18.26880467,2.001381433,36.56284647,0
18-05-2023 09:00,18.83013617,2.011741208,37.88136089,1
18-05-2023 09:00,19.09556625,2.10035855,40.10753584,0
18-05-2023 10:00,18.72305133,1.998854042,37.42464683,1
18-05-2023 10:00,19.01539842,2.088524167,39.71411913,0
18-05-2023 11:00,18.59791083,1.985121767,36.91911761,1
18-05-2023 11:00,18.906943,2.072046692,39.17606869,0
18-05-2023 12:00,18.46159442,1.970471167,36.37803949,1
18-05-2023 12:00,18.72144,2.051370083,38.40460193,0
18-05-2023 13:00,18.41701975,1.965857108,36.20522919,1
18-05-2023 13:00,18.5872255,2.037573092,37.87283053,0
18-05-2023 14:00,18.36191725,1.9602658,35.99423841,1
18-05-2023 14:00,18.44145542,2.018725692,37.22823984,0
18-05-2023 15:00,17.24817933,1.847285733,31.86231561,1
18-05-2023 15:00,17.2349845,1.893043458,32.62657466,0
19-05-2023 16:00,14.41829927,1.55395754,22.40542486,1
19-05-2023 16:00,14.4460757,1.59593518,23.05500042,0
19-05-2023 17:00,3.849533571,0.478514222,1.84205656,1
19-05-2023 17:00,3.869400419,0.489382432,1.893616586,0
19-05-2023 18:00,0.203865097,0.105718358,0.021552283,1
19-05-2023 18:00,0.201122883,0.099287696,0.019969028,0
19-05-2023 19:00,3.65E-05,0.08438886,3.08E-06,1
19-05-2023 19:00,3.58E-05,0.077485328,2.77E-06,0
19-05-2023 20:00,1.30E-05,0.084454952,1.09E-06,1
19-05-2023 20:00,1.21E-05,0.0777446,9.43E-07,0
19-05-2023 21:00,1.17E-05,0.084491765,9.86E-07,1
19-05-2023 21:00,1.09E-05,0.077544417,8.46E-07,0
19-05-2023 22:00,9.95E-06,0.08460921,8.42E-07,1
19-05-2023 22:00,8.87E-06,0.077603639,6.89E-07,0
19-05-2023 23:00,9.65E-06,0.084352245,8.14E-07,1
19-05-2023 23:00,8.98E-06,0.077574128,6.96E-07,0
20-05-2023 00:00,9.37E-06,0.084469756,7.92E-07,1
20-05-2023 00:00,8.67E-06,0.077618561,6.73E-07,0
20-05-2023 01:00,8.73E-06,0.084300826,7.36E-07,1
20-05-2023 01:00,7.96E-06,0.0775223,6.17E-07,0
20-05-2023 02:00,7.51E-06,0.084616678,6.36E-07,1
20-05-2023 02:00,7.25E-06,0.077389067,5.61E-07,0
20-05-2023 03:00,7.20E-06,0.084322835,6.07E-07,1
20-05-2023 03:00,6.90E-06,0.077588984,5.36E-07,0
20-05-2023 04:00,7.99E-06,0.084469624,6.75E-07,1
20-05-2023 04:00,7.53E-06,0.077500184,5.84E-07,0
20-05-2023 05:00,0.17497221,0.102301617,0.01789994,1
20-05-2023 05:00,0.172884711,0.095955132,0.016589175,0
20-05-2023 06:00,3.5785552,0.451417232,1.615421482,1
20-05-2023 06:00,3.582621208,0.457737858,1.639901356,0
20-05-2023 07:00,12.85422731,1.398943676,17.98234,1
20-05-2023 07:00,12.91525505,1.428816898,18.45353466,0
20-05-2023 08:00,18.40676933,1.966408258,36.19522323,1
20-05-2023 08:00,18.58643875,2.028219692,37.69738107,0
20-05-2023 09:00,18.81073767,2.005826683,37.73107954,1
20-05-2023 09:00,19.16091875,2.091123742,40.06785211,0
20-05-2023 10:00,18.757385,1.998552742,37.48762322,1
20-05-2023 10:00,19.08975125,2.083169983,39.76719679,0
20-05-2023 11:00,18.68063408,1.993652167,37.24268661,1
20-05-2023 11:00,18.99478683,2.071076467,39.339656,0
20-05-2023 12:00,18.46028867,1.972778358,36.41805797,1
20-05-2023 12:00,18.827988,2.056353992,38.71700828,0
20-05-2023 13:00,18.34495417,1.957819108,35.91610181,1
20-05-2023 13:00,18.70356958,2.036528892,38.09035983,0
20-05-2023 14:00,18.34866717,1.954211692,35.8571799,1
20-05-2023 14:00,18.4795115,2.014311725,37.22349669,0
20-05-2023 15:00,17.93956892,1.925733383,34.54682675,1
20-05-2023 15:00,17.98397683,1.962101767,35.28639272,0
20-05-2023 16:00,5.938596342,0.694834412,4.126341095,1
20-05-2023 16:00,5.9161246,0.69910435,4.135988443,0
20-05-2023 17:00,2.147464658,0.306226729,0.657611078,1
20-05-2023 17:00,2.127516617,0.303499489,0.645700206,0
20-05-2023 18:00,0.362873474,0.122088074,0.044302524,1
20-05-2023 18:00,0.360754157,0.116180084,0.041912448,0
20-05-2023 19:00,2.90E-05,0.084631417,2.46E-06,1
20-05-2023 19:00,2.77E-05,0.077885095,2.15E-06,0
20-05-2023 20:00,1.13E-05,0.084322835,9.52E-07,1
20-05-2023 20:00,1.01E-05,0.077670389,7.85E-07,0
20-05-2023 21:00,1.10E-05,0.084506437,9.33E-07,1
20-05-2023 21:00,9.66E-06,0.077648139,7.50E-07,0
20-05-2023 22:00,9.41E-06,0.084352179,7.94E-07,1
20-05-2023 22:00,7.87E-06,0.077655667,6.11E-07,0
20-05-2023 23:00,9.34E-06,0.084726919,7.91E-07,1
20-05-2023 23:00,8.05E-06,0.077803623,6.26E-07,0
21-05-2023 00:00,8.78E-06,0.084682836,7.44E-07,1
21-05-2023 00:00,7.73E-06,0.077722217,6.01E-07,0
21-05-2023 01:00,8.79E-06,0.084499101,7.43E-07,1
21-05-2023 01:00,7.30E-06,0.077685178,5.67E-07,0
21-05-2023 02:00,9.15E-06,0.084359449,7.72E-07,1
21-05-2023 02:00,7.87E-06,0.0777001,6.11E-07,0
21-05-2023 03:00,1.01E-05,0.08444028,8.49E-07,1
21-05-2023 03:00,8.60E-06,0.077685311,6.68E-07,0
21-05-2023 04:00,1.20E-05,0.08438159,1.01E-06,1
21-05-2023 04:00,1.10E-05,0.077596378,8.55E-07,0
21-05-2023 05:00,0.079182528,0.092551775,0.007328483,1
21-05-2023 05:00,0.078841777,0.086016657,0.006781706,0
21-05-2023 06:00,2.310265613,0.323103633,0.746455213,1
21-05-2023 06:00,2.299548977,0.321325043,0.738902675,0
21-05-2023 07:00,5.069873925,0.607672863,3.080824805,1
21-05-2023 07:00,5.087443383,0.617249193,3.140220324,0
21-05-2023 08:00,2.935825942,0.387554242,1.137791796,1
21-05-2023 08:00,2.894115017,0.384977002,1.114167722,0
21-05-2023 09:00,8.167726,0.92689229,7.570602256,1
21-05-2023 09:00,8.04452565,0.930383884,7.484497021,0
21-05-2023 10:00,17.44607983,1.8702828,32.62910304,1
21-05-2023 10:00,17.45869158,1.906914067,33.29222457,0
21-05-2023 11:00,18.87561858,2.008001342,37.90226744,1
21-05-2023 11:00,19.17068742,2.088102167,40.03035393,0
21-05-2023 12:00,18.66336542,1.994085592,37.21634807,1
21-05-2023 12:00,19.008963,2.076956542,39.48079005,0
21-05-2023 13:00,18.51928967,1.9803754,36.67514568,1
21-05-2023 13:00,18.81680267,2.06848455,38.9222656,0
21-05-2023 14:00,18.33810208,1.962337733,35.98554968,1
21-05-2023 14:00,18.53657692,2.039572667,37.80669561,0
21-05-2023 15:00,18.1942485,1.948003042,35.44245142,1
21-05-2023 15:00,18.287333,2.01242335,36.80185594,0
21-05-2023 16:00,15.08969958,1.631979183,24.6260756,1
21-05-2023 16:00,15.13732891,1.680958833,25.44522674,0
21-05-2023 17:00,1.779981326,0.267601767,0.476326147,1
21-05-2023 17:00,1.765962054,0.266271165,0.470224774,0
21-05-2023 18:00,0.188361081,0.103521338,0.019499391,1
21-05-2023 18:00,0.186155644,0.097177014,0.01809005,0
21-05-2023 19:00,1.83E-05,0.084161108,1.54E-06,1
21-05-2023 19:00,1.60E-05,0.077122467,1.23E-06,0
21-05-2023 20:00,1.03E-05,0.084124427,8.65E-07,1
21-05-2023 20:00,8.63E-06,0.077300134,6.67E-07,0
21-05-2023 21:00,1.00E-05,0.084227266,8.43E-07,1
21-05-2023 21:00,8.50E-06,0.077337173,6.57E-07,0
21-05-2023 22:00,8.91E-06,0.084285956,7.51E-07,1
21-05-2023 22:00,7.51E-06,0.077366817,5.81E-07,0
21-05-2023 23:00,8.70E-06,0.084168511,7.32E-07,1
21-05-2023 23:00,7.21E-06,0.077559472,5.59E-07,0
22-05-2023 00:00,8.33E-06,0.084175715,7.01E-07,1
22-05-2023 00:00,7.13E-06,0.077285278,5.51E-07,0
22-05-2023 01:00,8.58E-06,0.084330105,7.23E-07,1
22-05-2023 01:00,7.46E-06,0.077322317,5.77E-07,0
22-05-2023 02:00,7.35E-06,0.084499035,6.21E-07,1
22-05-2023 02:00,6.47E-06,0.077389,5.01E-07,0
22-05-2023 03:00,7.85E-06,0.084484297,6.63E-07,1
22-05-2023 03:00,6.59E-06,0.077529628,5.11E-07,0
22-05-2023 04:00,1.18E-05,0.08451384,1.00E-06,1
22-05-2023 04:00,1.10E-05,0.077707428,8.55E-07,0
22-05-2023 05:00,0.207374428,0.105975323,0.021976572,1
22-05-2023 05:00,0.204796154,0.099583942,0.020394408,0
22-05-2023 06:00,3.9349571,0.490460885,1.929942542,1
22-05-2023 06:00,3.937368883,0.499461475,1.96656407,0
22-05-2023 07:00,13.03815045,1.423887668,18.56486164,1
22-05-2023 07:00,12.92335199,1.450567303,18.74619185,0
22-05-2023 08:00,18.46933525,1.974710692,36.47159379,1
22-05-2023 08:00,18.63305033,2.034536833,37.90962722,0
22-05-2023 09:00,18.73933867,1.998222,37.44535879,1
22-05-2023 09:00,19.07651025,2.078919192,39.65852327,0
22-05-2023 10:00,18.72360692,1.984438433,37.15584518,1
22-05-2023 10:00,19.00346308,2.081518567,39.55606124,0
22-05-2023 11:00,18.572531,1.969442642,36.57753452,1
22-05-2023 11:00,18.82273817,2.062582192,38.82344454,0
22-05-2023 12:00,18.44267725,1.965423617,36.24767342,1
22-05-2023 12:00,18.59980892,2.039291333,37.93042913,0
22-05-2023 13:00,18.09327375,1.929451042,34.91008588,1
22-05-2023 13:00,18.19307167,1.995405067,36.30254738,0
22-05-2023 14:00,18.21050725,1.9468863,35.45378708,1
22-05-2023 14:00,18.30369375,2.005373108,36.70573523,0
22-05-2023 15:00,18.10361742,1.929157342,34.92472645,1
22-05-2023 15:00,18.20165575,1.995953092,36.32965107,0
22-05-2023 16:00,10.70183062,1.180823759,12.63697586,1
22-05-2023 16:00,10.67219901,1.205520772,12.86555758,0
22-05-2023 17:00,2.452002708,0.337496943,0.827543417,1
22-05-2023 17:00,2.426150342,0.335936611,0.815032723,0
22-05-2023 18:00,0.370757659,0.123006485,0.045605596,1
22-05-2023 18:00,0.368877593,0.117453862,0.043326098,0
22-05-2023 19:00,2.56E-05,0.084763666,2.17E-06,1
22-05-2023 19:00,2.58E-05,0.077825939,2.01E-06,0
22-05-2023 20:00,1.51E-05,0.084961941,1.28E-06,1
22-05-2023 20:00,1.47E-05,0.0778777,1.14E-06,0
22-05-2023 21:00,1.51E-05,0.084506503,1.27E-06,1
22-05-2023 21:00,1.49E-05,0.077781506,1.16E-06,0
22-05-2023 22:00,1.26E-05,0.084645957,1.07E-06,1
22-05-2023 22:00,1.26E-05,0.077625956,9.75E-07,0
22-05-2023 23:00,9.90E-06,0.084572529,8.37E-07,1
22-05-2023 23:00,9.74E-06,0.077988883,7.60E-07,0
23-05-2023 00:00,9.10E-06,0.084609342,7.70E-07,1
23-05-2023 00:00,9.23E-06,0.077914806,7.19E-07,0
23-05-2023 01:00,8.62E-06,0.084499167,7.28E-07,1
23-05-2023 01:00,8.44E-06,0.077885161,6.57E-07,0
23-05-2023 02:00,8.62E-06,0.084477027,7.29E-07,1
23-05-2023 02:00,8.51E-06,0.077803756,6.62E-07,0
23-05-2023 03:00,8.82E-06,0.084638687,7.47E-07,1
23-05-2023 03:00,9.08E-06,0.077559339,7.04E-07,0
23-05-2023 04:00,1.00E-05,0.084543184,8.46E-07,1
23-05-2023 04:00,1.03E-05,0.07754455,8.00E-07,0
23-05-2023 05:00,0.241455366,0.109627021,0.026470032,1
23-05-2023 05:00,0.240246258,0.103197762,0.024792876,0
23-05-2023 06:00,3.811497533,0.477603148,1.820383219,1
23-05-2023 06:00,3.852992233,0.488212318,1.881078271,0
23-05-2023 07:00,13.50845161,1.472336169,19.88898189,1
23-05-2023 07:00,13.30675033,1.485136961,19.76234675,0
23-05-2023 08:00,18.42969567,1.978457733,36.46237391,1
23-05-2023 08:00,18.62153175,2.039609767,37.98065803,0
23-05-2023 09:00,18.65056875,2.002395408,37.34581323,1
23-05-2023 09:00,18.97809208,2.07420165,39.36438991,0
23-05-2023 10:00,18.66759683,2.004070608,37.41118214,1
23-05-2023 10:00,19.05938967,2.078882217,39.62222624,0
23-05-2023 11:00,18.52844717,1.988935125,36.85187938,1
23-05-2023 11:00,18.87431292,2.056057817,38.80667861,0
23-05-2023 12:00,18.36075058,1.971595317,36.19996986,1
23-05-2023 12:00,18.70008792,2.036684558,38.0861803,0
23-05-2023 13:00,17.97723567,1.9333523,34.75632992,1
23-05-2023 13:00,18.21255342,1.986266442,36.17498367,0
23-05-2023 14:00,18.24067475,1.960721442,35.76488209,1
23-05-2023 14:00,18.49365942,2.015141308,37.26733703,0
23-05-2023 15:00,17.77350158,1.912530133,33.99235735,1
23-05-2023 15:00,17.92502275,1.95569565,35.05588902,0
23-05-2023 16:00,14.95212775,1.624367283,24.28774713,1
23-05-2023 16:00,15.10779633,1.6647624,25.15089128,0
23-05-2023 17:00,5.144454958,0.616548444,3.171805701,1
23-05-2023 17:00,5.260283825,0.636422341,3.347762145,0
23-05-2023 18:00,0.480105041,0.134380067,0.064516548,1
23-05-2023 18:00,0.480153119,0.128954896,0.061918095,0
23-05-2023 19:00,2.80E-05,0.084726919,2.37E-06,1
23-05-2023 19:00,2.81E-05,0.077900017,2.19E-06,0
23-05-2023 20:00,1.32E-05,0.084638753,1.12E-06,1
23-05-2023 20:00,1.28E-05,0.07750005,9.88E-07,0
23-05-2023 21:00,1.08E-05,0.084491765,9.09E-07,1
23-05-2023 21:00,1.07E-05,0.077744467,8.31E-07,0
23-05-2023 22:00,9.04E-06,0.08436672,7.62E-07,1
23-05-2023 22:00,8.79E-06,0.077781639,6.84E-07,0
23-05-2023 23:00,8.26E-06,0.08438886,6.97E-07,1
23-05-2023 23:00,8.01E-06,0.077566933,6.22E-07,0
24-05-2023 00:00,8.16E-06,0.084344843,6.88E-07,1
24-05-2023 00:00,8.00E-06,0.0778334,6.23E-07,0
24-05-2023 01:00,7.73E-06,0.084190519,6.51E-07,1
24-05-2023 01:00,7.63E-06,0.077796295,5.94E-07,0
24-05-2023 02:00,8.04E-06,0.084491831,6.79E-07,1
24-05-2023 02:00,8.03E-06,0.077685178,6.24E-07,0
24-05-2023 03:00,8.00E-06,0.08444028,6.75E-07,1
24-05-2023 03:00,8.00E-06,0.077870306,6.23E-07,0
24-05-2023 04:00,8.74E-06,0.084587333,7.39E-07,1
24-05-2023 04:00,9.04E-06,0.077707495,7.02E-07,0
24-05-2023 05:00,0.22409305,0.107871097,0.024173163,1
24-05-2023 05:00,0.223898403,0.101642729,0.022757645,0
24-05-2023 06:00,3.694606342,0.466780506,1.724570217,1
24-05-2023 06:00,3.726401575,0.474074862,1.766593314,0
24-05-2023 07:00,12.30561949,1.354550707,16.66858558,1
24-05-2023 07:00,12.02107773,1.346813315,16.19014755,0
24-05-2023 08:00,18.31341642,1.969200225,36.06278373,1
24-05-2023 08:00,18.54915108,2.023532017,37.5348011,0
24-05-2023 09:00,18.8099505,2.019786558,37.99208518,1
24-05-2023 09:00,19.21133608,2.091286692,40.17641148,0
24-05-2023 10:00,18.72612542,2.010778725,37.65409459,1
24-05-2023 10:00,19.2032155,2.098655158,40.30092727,0
24-05-2023 11:00,18.55745667,1.992167933,36.9695701,1
24-05-2023 11:00,18.97762008,2.073994483,39.35947936,0
24-05-2023 12:00,18.53908608,1.989941708,36.89170063,1
24-05-2023 12:00,18.97821258,2.067277308,39.23322823,0
24-05-2023 13:00,18.36565825,1.971852542,36.2143699,1
24-05-2023 13:00,18.7690705,2.046045133,38.40236535,0
24-05-2023 14:00,18.11167308,1.946658533,35.25724296,1
24-05-2023 14:00,18.44273275,2.017888858,37.21538493,0
24-05-2023 15:00,12.18333123,1.338783623,16.31084431,1
24-05-2023 15:00,12.14670408,1.359455156,16.51289948,0
24-05-2023 16:00,7.238598825,0.832427608,6.025609508,1
24-05-2023 16:00,7.21493395,0.845951607,6.103484967,0
24-05-2023 17:00,3.457483875,0.442284619,1.529191939,1
24-05-2023 17:00,3.438562325,0.445444417,1.531688389,0
24-05-2023 18:00,0.384052546,0.124490441,0.047810871,1
24-05-2023 18:00,0.381007756,0.118557233,0.045171225,0
24-05-2023 19:00,2.87E-05,0.084535914,2.43E-06,1
24-05-2023 19:00,2.87E-05,0.077848122,2.24E-06,0
24-05-2023 20:00,1.57E-05,0.084572529,1.32E-06,1
24-05-2023 20:00,1.50E-05,0.07781115,1.16E-06,0
24-05-2023 21:00,1.35E-05,0.084594538,1.14E-06,1
24-05-2023 21:00,1.33E-05,0.077596245,1.03E-06,0
24-05-2023 22:00,1.33E-05,0.084579931,1.12E-06,1
24-05-2023 22:00,1.26E-05,0.077640745,9.82E-07,0
24-05-2023 23:00,1.14E-05,0.084704844,9.63E-07,1
24-05-2023 23:00,1.09E-05,0.077714889,8.51E-07,0
25-05-2023 00:00,7.29E-06,0.084638687,6.17E-07,1
25-05-2023 00:00,7.14E-06,0.077818545,5.56E-07,0
25-05-2023 01:00,6.24E-06,0.084557857,5.27E-07,1
25-05-2023 01:00,6.07E-06,0.077729678,4.72E-07,0
25-05-2023 02:00,5.90E-06,0.084557923,4.99E-07,1
25-05-2023 02:00,5.62E-06,0.077788967,4.37E-07,0
25-05-2023 03:00,5.71E-06,0.084690172,4.83E-07,1
25-05-2023 03:00,5.71E-06,0.077737139,4.44E-07,0
25-05-2023 04:00,6.89E-06,0.084535848,5.83E-07,1
25-05-2023 04:00,7.01E-06,0.077759322,5.45E-07,0
25-05-2023 05:00,0.214104895,0.106790894,0.022864453,1
25-05-2023 05:00,0.213449362,0.100368952,0.021423689,0
25-05-2023 06:00,5.472899558,0.650529809,3.560284305,1
25-05-2023 06:00,5.651599717,0.680582454,3.846379605,0
25-05-2023 07:00,14.87561633,1.616733233,24.04990329,1
25-05-2023 07:00,14.80130158,1.640404817,24.28012641,0
25-05-2023 08:00,18.53593792,1.990272308,36.89156394,1
25-05-2023 08:00,18.81804383,2.058968283,38.74575541,0
25-05-2023 09:00,18.97969433,2.034973375,38.62317263,1
25-05-2023 09:00,19.37238417,2.116517833,41.00199656,0
25-05-2023 10:00,18.92822142,2.028478325,38.39548687,1
25-05-2023 10:00,19.33897658,2.113903533,40.88073093,0
25-05-2023 11:00,18.7375885,2.00745035,37.61477859,1
25-05-2023 11:00,19.16481692,2.093611892,40.1236886,0
25-05-2023 12:00,18.52028025,1.984849933,36.75997702,1
25-05-2023 12:00,18.93145242,2.063855975,39.07179119,0
25-05-2023 13:00,13.36110748,1.456745205,19.46372926,1
25-05-2023 13:00,13.43675643,1.49271335,20.05722571,0
25-05-2023 14:00,14.95740526,1.620840627,24.24357011,1
25-05-2023 14:00,14.98215707,1.653765258,24.77697087,0
25-05-2023 15:00,16.02279117,1.729118275,27.70530102,1
25-05-2023 15:00,16.01694892,1.761681058,28.21675552,0
25-05-2023 16:00,8.347876625,0.944856408,7.887544725,1
25-05-2023 16:00,8.232568792,0.953467298,7.849485124,0
25-05-2023 17:00,2.790139092,0.372404183,1.039059467,1
25-05-2023 17:00,2.753315225,0.371846724,1.023811247,0
25-05-2023 18:00,0.326577448,0.11833354,0.038645066,1
25-05-2023 18:00,0.322349237,0.112292002,0.036197241,0
25-05-2023 19:00,3.55E-05,0.084587267,3.00E-06,1
25-05-2023 19:00,3.49E-05,0.077818611,2.71E-06,0
25-05-2023 20:00,1.81E-05,0.084535782,1.53E-06,1
25-05-2023 20:00,1.77E-05,0.077840728,1.38E-06,0
25-05-2023 21:00,1.40E-05,0.084624014,1.18E-06,1
25-05-2023 21:00,1.36E-05,0.078085211,1.06E-06,0
25-05-2023 22:00,1.04E-05,0.084741459,8.84E-07,1
25-05-2023 22:00,1.01E-05,0.077803689,7.82E-07,0
25-05-2023 23:00,8.43E-06,0.084631284,7.13E-07,1
25-05-2023 23:00,8.02E-06,0.077973961,6.25E-07,0
26-05-2023 00:00,7.34E-06,0.084609408,6.21E-07,1
26-05-2023 00:00,7.14E-06,0.078048172,5.58E-07,0
26-05-2023 01:00,7.16E-06,0.084712181,6.07E-07,1
26-05-2023 01:00,6.63E-06,0.077818611,5.16E-07,0
26-05-2023 02:00,6.77E-06,0.084499035,5.72E-07,1
26-05-2023 02:00,6.26E-06,0.077714822,4.87E-07,0
26-05-2023 03:00,6.43E-06,0.084756198,5.45E-07,1
26-05-2023 03:00,6.34E-06,0.077781373,4.93E-07,0
26-05-2023 04:00,6.59E-06,0.08446969,5.57E-07,1
26-05-2023 04:00,6.42E-06,0.077966633,5.00E-07,0
26-05-2023 05:00,0.198675494,0.105145212,0.020889777,1
26-05-2023 05:00,0.197532022,0.098939758,0.019543771,0
26-05-2023 06:00,3.64624665,0.461108452,1.681315147,1
26-05-2023 06:00,3.682741108,0.470823836,1.733922295,0
26-05-2023 07:00,14.01164664,1.52483271,21.36541712,1
26-05-2023 07:00,13.89009622,1.543634714,21.4412347,0
26-05-2023 08:00,18.53356733,1.985239417,36.7935684,1
26-05-2023 08:00,18.80270117,2.050822,38.56099321,0
26-05-2023 09:00,18.94374025,2.015466283,38.18046975,1
26-05-2023 09:00,19.335532,2.106112842,40.72281225,0
26-05-2023 10:00,18.90349867,2.0082071,37.96214024,1
26-05-2023 10:00,19.32899492,2.11182995,40.81955037,0
26-05-2023 11:00,18.74501458,1.990007808,37.30272539,1
26-05-2023 11:00,19.18304858,2.097944425,40.24496983,0
26-05-2023 12:00,18.49422442,1.966643267,36.37154192,1
26-05-2023 12:00,18.94503633,2.076142,39.33258562,0
26-05-2023 13:00,18.33596317,1.955247625,35.85134843,1
26-05-2023 13:00,18.75957975,2.050725758,38.47075341,0
26-05-2023 14:00,15.40925517,1.641501358,25.29431329,1
26-05-2023 14:00,15.41801408,1.704568208,26.28105664,0
26-05-2023 15:00,13.80768196,1.492115158,20.60265154,1
26-05-2023 15:00,13.79257774,1.538162177,21.2152214,0
26-05-2023 16:00,10.7775206,1.184019145,12.76079073,1
26-05-2023 16:00,10.51634373,1.198810396,12.60710218,0
26-05-2023 17:00,4.196106347,0.51317149,2.153322146,1
26-05-2023 17:00,4.113655468,0.518383126,2.13244958,0
26-05-2023 18:00,0.678226144,0.153945977,0.104410186,1
26-05-2023 18:00,0.660558551,0.148431944,0.09804799,0
26-05-2023 19:00,9.42E-05,0.084411001,7.95E-06,1
26-05-2023 19:00,9.14E-05,0.077485128,7.08E-06,0
26-05-2023 20:00,1.87E-05,0.084293424,1.58E-06,1
26-05-2023 20:00,1.78E-05,0.077448222,1.38E-06,0
26-05-2023 21:00,1.48E-05,0.084418271,1.25E-06,1
26-05-2023 21:00,1.37E-05,0.07750005,1.06E-06,0
26-05-2023 22:00,1.13E-05,0.084469624,9.52E-07,1
26-05-2023 22:00,1.05E-05,0.077551878,8.12E-07,0
26-05-2023 23:00,9.18E-06,0.084366852,7.74E-07,1
26-05-2023 23:00,8.24E-06,0.077774178,6.41E-07,0
27-05-2023 00:00,8.17E-06,0.084278619,6.89E-07,1
27-05-2023 00:00,7.39E-06,0.077566867,5.74E-07,0
27-05-2023 01:00,7.16E-06,0.084411001,6.05E-07,1
27-05-2023 01:00,6.51E-06,0.0776556,5.06E-07,0
27-05-2023 02:00,6.73E-06,0.084623948,5.69E-07,1
27-05-2023 02:00,6.12E-06,0.077907345,4.76E-07,0
27-05-2023 03:00,6.38E-06,0.084491699,5.39E-07,1
27-05-2023 03:00,5.80E-06,0.077611167,4.50E-07,0
27-05-2023 04:00,8.06E-06,0.084499101,6.81E-07,1
27-05-2023 04:00,7.54E-06,0.077914806,5.88E-07,0
27-05-2023 05:00,0.186816549,0.103741755,0.019380677,1
27-05-2023 05:00,0.183527759,0.097525086,0.017898561,0
27-05-2023 06:00,3.443576542,0.437060602,1.505051638,1
27-05-2023 06:00,3.449042142,0.447836556,1.544607154,0
27-05-2023 07:00,12.96045321,1.404755307,18.20626542,1
27-05-2023 07:00,12.59407322,1.416078919,17.83420159,0
27-05-2023 08:00,18.3928155,1.955181442,35.96129153,1
27-05-2023 08:00,18.69526433,2.05041465,38.33304387,0
27-05-2023 09:00,18.79369108,1.99856,37.56031925,1
27-05-2023 09:00,19.25263275,2.111207875,40.64630988,0
27-05-2023 10:00,18.75264417,1.998001808,37.46781696,1
27-05-2023 10:00,19.19827108,2.101958233,40.35396397,0
27-05-2023 11:00,18.64413358,1.986672142,37.0397808,1
27-05-2023 11:00,19.10263092,2.091219967,39.94780319,0
27-05-2023 12:00,18.36082433,1.951367942,35.82872399,1
27-05-2023 12:00,18.74989467,2.056391083,38.55711621,0
27-05-2023 13:00,15.60391525,1.672205683,26.09295576,1
27-05-2023 13:00,15.56162742,1.723800767,26.82514527,0
27-05-2023 14:00,11.17303793,1.226009156,13.6982468,1
27-05-2023 14:00,10.9754895,1.242970586,13.64221061,0
27-05-2023 15:00,8.976358808,1.006074402,9.030884817,1
27-05-2023 15:00,8.815364192,1.015438388,8.9514592,0
27-05-2023 16:00,9.000633058,1.009388048,9.085131437,1
27-05-2023 16:00,8.831303392,1.020873893,9.015647077,0
27-05-2023 17:00,1.997137617,0.290224218,0.579617702,1
27-05-2023 17:00,1.960939538,0.287992063,0.564735022,0
27-05-2023 18:00,0.133844265,0.098554483,0.013190952,1
27-05-2023 18:00,0.130971624,0.091904105,0.01203683,0
27-05-2023 19:00,6.92E-05,0.084976746,5.88E-06,1
27-05-2023 19:00,6.74E-05,0.077951778,5.25E-06,0
27-05-2023 20:00,2.30E-05,0.084792945,1.95E-06,1
27-05-2023 20:00,2.19E-05,0.077981556,1.70E-06,0
27-05-2023 21:00,2.13E-05,0.084704779,1.80E-06,1
27-05-2023 21:00,2.05E-05,0.077885295,1.60E-06,0
27-05-2023 22:00,1.08E-05,0.084726919,9.18E-07,1
27-05-2023 22:00,1.04E-05,0.078070422,8.10E-07,0
27-05-2023 23:00,1.22E-05,0.084601874,1.03E-06,1
27-05-2023 23:00,1.17E-05,0.077862911,9.14E-07,0
28-05-2023 00:00,9.02E-06,0.084726853,7.64E-07,1
28-05-2023 00:00,8.63E-06,0.077974161,6.73E-07,0
28-05-2023 01:00,7.26E-06,0.084969277,6.16E-07,1
28-05-2023 01:00,7.06E-06,0.077981489,5.51E-07,0
28-05-2023 02:00,5.87E-06,0.08460921,4.97E-07,1
28-05-2023 02:00,5.39E-06,0.0779667,4.20E-07,0
28-05-2023 03:00,5.64E-06,0.0847636,4.78E-07,1
28-05-2023 03:00,5.22E-06,0.077737072,4.05E-07,0
28-05-2023 04:00,6.70E-06,0.084631483,5.67E-07,1
28-05-2023 04:00,6.70E-06,0.077692772,5.20E-07,0
28-05-2023 05:00,0.142331792,0.09912036,0.014107978,1
28-05-2023 05:00,0.139902016,0.092792905,0.012981914,0
28-05-2023 06:00,3.926644208,0.48872697,1.919056926,1
28-05-2023 06:00,3.942161613,0.500091069,1.971439816,0
28-05-2023 07:00,12.60085968,1.376460757,17.34458884,1
28-05-2023 07:00,12.31519926,1.385463955,17.06226467,0
28-05-2023 08:00,18.41589917,1.959707483,36.08977541,1
28-05-2023 08:00,18.64119858,2.043186608,38.08744731,0
28-05-2023 09:00,18.789117,2.003504775,37.64408563,1
28-05-2023 09:00,19.18910442,2.101898942,40.33355826,0
28-05-2023 10:00,18.661995,2.001102283,37.34456081,1
28-05-2023 10:00,19.08767692,2.089605633,39.88571721,0
28-05-2023 11:00,18.48740925,1.984012375,36.67924873,1
28-05-2023 11:00,18.881489,2.066329442,39.01537662,0
28-05-2023 12:00,17.49540492,1.883140608,32.94630746,1
28-05-2023 12:00,17.73702825,1.9481047,34.5535881,0
28-05-2023 13:00,18.03526425,1.939193642,34.97386976,1
28-05-2023 13:00,18.3600465,2.019814142,37.08388156,0
28-05-2023 14:00,14.62106273,1.589203078,23.23583789,1
28-05-2023 14:00,14.762073,1.641649437,24.23414882,0
28-05-2023 15:00,9.462714942,1.060812117,10.03816267,1
28-05-2023 15:00,9.322515283,1.072210505,9.99569882,0
28-05-2023 16:00,4.948126967,0.596020049,2.949182878,1
28-05-2023 16:00,4.863977558,0.599638352,2.916627486,0
28-05-2023 17:00,2.891915817,0.383535408,1.109152111,1
28-05-2023 17:00,2.842083925,0.382821887,1.08801193,0
28-05-2023 18:00,0.192710441,0.104608812,0.02015921,1
28-05-2023 18:00,0.189631364,0.09808067,0.018599171,0
28-05-2023 19:00,3.55E-05,0.084579997,3.00E-06,1
28-05-2023 19:00,3.35E-05,0.077811283,2.61E-06,0
28-05-2023 20:00,2.48E-05,0.084719517,2.10E-06,1
28-05-2023 20:00,2.32E-05,0.077714889,1.80E-06,0
28-05-2023 21:00,2.22E-05,0.084579931,1.88E-06,1
28-05-2023 21:00,2.08E-05,0.07794445,1.62E-06,0
28-05-2023 22:00,1.63E-05,0.084726853,1.38E-06,1
28-05-2023 22:00,1.50E-05,0.07794445,1.17E-06,0
28-05-2023 23:00,1.22E-05,0.084822355,1.04E-06,1
28-05-2023 23:00,1.10E-05,0.077818545,8.57E-07,0
29-05-2023 00:00,8.97E-06,0.084704911,7.60E-07,1
29-05-2023 00:00,7.99E-06,0.077929794,6.22E-07,0
29-05-2023 01:00,6.77E-06,0.0847636,5.74E-07,1
29-05-2023 01:00,6.07E-06,0.077936922,4.73E-07,0
29-05-2023 02:00,6.31E-06,0.084859103,5.35E-07,1
29-05-2023 02:00,5.35E-06,0.077818478,4.16E-07,0
29-05-2023 03:00,5.93E-06,0.084623948,5.02E-07,1
29-05-2023 03:00,4.84E-06,0.077692639,3.76E-07,0
29-05-2023 04:00,7.10E-06,0.084528446,6.01E-07,1
29-05-2023 04:00,6.21E-06,0.077803756,4.83E-07,0
29-05-2023 05:00,0.191093078,0.104461891,0.019961944,1
29-05-2023 05:00,0.189067046,0.098273124,0.018580209,0
29-05-2023 06:00,3.411222017,0.437045996,1.490860923,1
29-05-2023 06:00,3.450020742,0.447717978,1.544636312,0
29-05-2023 07:00,12.82229212,1.405666398,18.02386518,1
29-05-2023 07:00,12.55270077,1.411931899,17.72355863,0
29-05-2023 08:00,18.4180565,1.977194083,36.41607234,1
29-05-2023 08:00,18.68293092,2.051384717,38.32587894,0
29-05-2023 09:00,18.68912492,2.004636417,37.4649004,1
29-05-2023 09:00,19.12472367,2.097662842,40.11722219,0
29-05-2023 10:00,18.59029967,1.994923175,37.08621964,1
29-05-2023 10:00,19.06045458,2.091005308,39.85551171,0
29-05-2023 11:00,18.46256675,1.982609083,36.60405254,1
29-05-2023 11:00,18.86353508,2.070143375,39.05022218,0
29-05-2023 12:00,18.50789133,1.987847592,36.79086721,1
29-05-2023 12:00,18.74507,2.056220633,38.54399971,0
29-05-2023 13:00,18.44655725,1.981697825,36.55550238,1
29-05-2023 13:00,18.5962255,2.040617008,37.94777405,0
29-05-2023 14:00,6.958012966,0.799478254,5.562780058,1
29-05-2023 14:00,6.991900195,0.81266842,5.682096482,0
30-05-2023 12:00,18.54936413,1.992241413,36.95481139,1
30-05-2023 12:00,18.83938188,2.034981225,38.33778841,0
30-05-2023 13:00,18.47864092,1.985481908,36.68900723,1
30-05-2023 13:00,18.64043908,2.017170467,37.6009432,0
30-05-2023 14:00,16.05998617,1.737890967,27.91050488,1
30-05-2023 14:00,16.05817125,1.749002383,28.08577979,0
30-05-2023 15:00,14.47548242,1.575367725,22.8042078,1
30-05-2023 15:00,14.43311175,1.576234583,22.74996989,0
30-05-2023 16:00,5.923874705,0.696112702,4.123684425,1
30-05-2023 16:00,5.881299224,0.690794984,4.062772004,0
30-05-2023 17:00,1.239379387,0.213341831,0.264411467,1
30-05-2023 17:00,1.242846083,0.208402999,0.259012851,0
30-05-2023 18:00,0.044296046,0.089355781,0.003958108,1
30-05-2023 18:00,0.044550146,0.082565581,0.003678309,0
30-05-2023 19:00,3.58E-05,0.084741591,3.03E-06,1
30-05-2023 19:00,3.61E-05,0.077774111,2.80E-06,0
30-05-2023 20:00,3.18E-05,0.084638687,2.69E-06,1
30-05-2023 20:00,3.26E-05,0.077900084,2.54E-06,0
30-05-2023 21:00,2.93E-05,0.084770936,2.48E-06,1
30-05-2023 21:00,2.97E-05,0.077766784,2.31E-06,0
30-05-2023 22:00,2.77E-05,0.084653359,2.35E-06,1
30-05-2023 22:00,2.87E-05,0.077870439,2.23E-06,0
30-05-2023 23:00,2.71E-05,0.08452111,2.29E-06,1
30-05-2023 23:00,2.80E-05,0.077825939,2.18E-06,0
31-05-2023 00:00,1.59E-05,0.084726919,1.35E-06,1
31-05-2023 00:00,1.62E-05,0.077670389,1.26E-06,0
31-05-2023 01:00,1.13E-05,0.084513774,9.56E-07,1
31-05-2023 01:00,1.18E-05,0.0777889,9.17E-07,0
31-05-2023 02:00,6.82E-06,0.0847636,5.78E-07,1
31-05-2023 02:00,7.09E-06,0.07767785,5.51E-07,0
31-05-2023 03:00,5.82E-06,0.084690106,4.93E-07,1
31-05-2023 03:00,6.70E-06,0.077640745,5.20E-07,0
31-05-2023 04:00,6.01E-06,0.084638621,5.09E-07,1
31-05-2023 04:00,6.60E-06,0.077781439,5.13E-07,0
31-05-2023 05:00,0.179636005,0.103175944,0.018534114,1
31-05-2023 05:00,0.183445888,0.096895626,0.017775104,0
31-05-2023 06:00,3.384503217,0.434746206,1.471399932,1
31-05-2023 06:00,3.495590283,0.443481958,1.550231224,0
31-05-2023 07:00,12.78384524,1.403175596,17.93797966,1
31-05-2023 07:00,12.78693904,1.406636733,17.98657816,0
31-05-2023 08:00,18.58854983,1.997333067,37.12752524,1
31-05-2023 08:00,18.80646958,2.032159608,38.21774786,0
31-05-2023 09:00,18.99758333,2.03869115,38.73020501,1
31-05-2023 09:00,19.36094892,2.090908908,40.48198056,0
31-05-2023 10:00,18.89493342,2.029999308,38.35670177,1
31-05-2023 10:00,19.2592995,2.086013842,40.17516534,0
31-05-2023 11:00,18.36787967,1.978149142,36.3344054,1
31-05-2023 11:00,19.14926108,2.076082725,39.75545013,0
31-05-2023 12:00,18.58607742,1.998670242,37.14743984,1
31-05-2023 12:00,18.93922142,2.074890433,39.29680933,0
31-05-2023 13:00,18.57201242,1.999735583,37.13911408,1
31-05-2023 13:00,18.84559008,2.076919558,39.14077463,0
31-05-2023 14:00,18.43308475,1.982719267,36.54763228,1
31-05-2023 14:00,18.69056025,2.0579684,38.46458237,0
31-05-2023 15:00,17.97649533,1.934836717,34.78158321,1
31-05-2023 15:00,18.02909767,1.986318333,35.81152723,0
31-05-2023 16:00,14.76508143,1.606454533,23.71943199,1
31-05-2023 16:00,14.75934825,1.643960014,24.26377836,0
31-05-2023 17:00,4.786015192,0.580230553,2.776992239,1
31-05-2023 17:00,4.773070533,0.590151671,2.81683555,0
31-05-2023 18:00,0.464317481,0.13246982,0.061508053,1
31-05-2023 18:00,0.456469737,0.126518326,0.057751787,0
31-05-2023 19:00,8.42E-05,0.084550586,7.11E-06,1
31-05-2023 19:00,8.12E-05,0.077788967,6.32E-06,0
31-05-2023 20:00,7.17E-05,0.084455018,6.06E-06,1
31-05-2023 20:00,6.89E-05,0.077759256,5.36E-06,0
31-05-2023 21:00,6.88E-05,0.084572529,5.82E-06,1
31-05-2023 21:00,6.71E-05,0.077751928,5.22E-06,0
31-05-2023 22:00,6.34E-05,0.084425673,5.35E-06,1
31-05-2023 22:00,6.22E-05,0.077759389,4.83E-06,0
31-05-2023 23:00,5.40E-05,0.084646023,4.57E-06,1
31-05-2023 23:00,5.31E-05,0.077685311,4.13E-06,0
01-06-2023 00:00,3.69E-05,0.084675434,3.13E-06,1
01-06-2023 00:00,3.61E-05,0.077781572,2.80E-06,0
01-06-2023 01:00,2.24E-05,0.084719517,1.90E-06,1
01-06-2023 01:00,2.19E-05,0.077707495,1.70E-06,0
01-06-2023 02:00,1.15E-05,0.084403533,9.71E-07,1
01-06-2023 02:00,1.10E-05,0.077833334,8.54E-07,0
01-06-2023 03:00,8.20E-06,0.084594538,6.93E-07,1
01-06-2023 03:00,7.85E-06,0.077840728,6.11E-07,0
01-06-2023 04:00,7.55E-06,0.08460921,6.39E-07,1
01-06-2023 04:00,6.96E-06,0.077663061,5.41E-07,0
01-06-2023 05:00,0.24190259,0.109869576,0.026577735,1
01-06-2023 05:00,0.237321801,0.103227472,0.02449813,0
01-06-2023 06:00,3.726762042,0.470534975,1.753571884,1
01-06-2023 06:00,3.714476042,0.476696561,1.770677954,0
01-06-2023 07:00,12.2047843,1.344654142,16.41121376,1
01-06-2023 07:00,11.98095035,1.354930298,16.23335263,0
01-06-2023 08:00,18.268629,1.96573225,35.91123319,1
01-06-2023 08:00,18.45380708,2.037121433,37.59264594,0
01-06-2023 09:00,18.58538258,1.9982441,37.13813109,1
01-06-2023 09:00,18.96394375,2.0905757,39.64555998,0
01-06-2023 10:00,18.75796833,2.015253192,37.80205555,1
01-06-2023 10:00,19.26479033,2.120857575,40.85787651,0
01-06-2023 11:00,18.62466117,2.000808383,37.2643782,1
01-06-2023 11:00,19.11554767,2.103002308,40.20004087,0
01-06-2023 12:00,7.01479899,0.809601288,5.679190294,1
01-06-2023 12:00,7.148218645,0.821940519,5.875410543,0
06-06-2023 12:00,17.79208343,1.918362771,34.13167048,1
06-06-2023 12:00,18.02045157,1.956624414,35.2592555,0
06-06-2023 13:00,15.27704008,1.660141375,25.36204633,1
06-06-2023 13:00,15.25503967,1.669442833,25.46741664,0
06-06-2023 14:00,16.62946642,1.798940025,29.91541273,1
06-06-2023 14:00,16.720662,1.82522185,30.51891763,0
06-06-2023 15:00,16.97064455,1.836780918,31.17135607,1
06-06-2023 15:00,17.06168636,1.872173927,31.94244437,0
07-06-2023 12:00,18.724366,2.02309138,37.88110345,1
07-06-2023 12:00,19.0288598,2.08526292,39.68017575,0
07-06-2023 13:00,18.65373575,2.013908558,37.56691807,1
07-06-2023 13:00,18.95888842,2.077378742,39.38479176,0
07-06-2023 14:00,18.57575308,2.005848675,37.26014971,1
07-06-2023 14:00,18.9372955,2.075416208,39.30277002,0
07-06-2023 15:00,18.13567367,1.960522917,35.55540383,1
07-06-2023 15:00,18.48220575,2.027220133,37.4674996,0
07-06-2023 16:00,16.42350958,1.784546575,29.30851778,1
07-06-2023 16:00,16.53476117,1.826888258,30.20716103,0
07-06-2023 17:00,8.458625992,0.962122645,8.138235612,1
07-06-2023 17:00,8.492057475,0.982423697,8.342798504,0
07-06-2023 18:00,0.984394619,0.186972246,0.184054473,1
07-06-2023 18:00,0.970657892,0.181520443,0.17619425,0
07-06-2023 19:00,0.000382095,0.084396197,3.22E-05,1
07-06-2023 19:00,0.000375576,0.077500183,2.91E-05,0
07-06-2023 20:00,1.17E-05,0.084462354,9.88E-07,1
07-06-2023 20:00,1.03E-05,0.077389067,7.99E-07,0
07-06-2023 21:00,8.00E-06,0.084307964,6.74E-07,1
07-06-2023 21:00,6.32E-06,0.077440895,4.89E-07,0
07-06-2023 22:00,7.83E-06,0.084249209,6.60E-07,1
07-06-2023 22:00,6.29E-06,0.077507445,4.88E-07,0
07-06-2023 23:00,1.18E-05,0.084374188,9.93E-07,1
07-06-2023 23:00,1.03E-05,0.077226123,7.92E-07,0
08-06-2023 00:00,2.39E-05,0.084256611,2.01E-06,1
08-06-2023 00:00,2.22E-05,0.077344567,1.71E-06,0
08-06-2023 01:00,3.45E-05,0.084278686,2.90E-06,1
08-06-2023 01:00,3.27E-05,0.077648139,2.54E-06,0
08-06-2023 02:00,4.56E-05,0.084565259,3.86E-06,1
08-06-2023 02:00,4.39E-05,0.077396395,3.40E-06,0
08-06-2023 03:00,5.05E-05,0.084491765,4.27E-06,1
08-06-2023 03:00,4.90E-05,0.077507511,3.80E-06,0
08-06-2023 04:00,4.78E-05,0.084535782,4.04E-06,1
08-06-2023 04:00,4.66E-05,0.077603706,3.61E-06,0
08-06-2023 05:00,0.12718941,0.097680159,0.012423882,1
08-06-2023 05:00,0.12601929,0.090911718,0.01145663,0
08-06-2023 06:00,4.164829425,0.517491781,2.155264996,1
08-06-2023 06:00,4.238006358,0.527255214,2.23451095,0
08-06-2023 07:00,12.51706931,1.3824856,17.30466807,1
08-06-2023 07:00,12.48691375,1.39304712,17.39485924,0
08-06-2023 08:00,18.30987933,1.977524683,36.20823833,1
08-06-2023 08:00,18.539438,2.022028542,37.48727278,0
08-06-2023 09:00,18.71039367,2.01828025,37.76281801,1
08-06-2023 09:00,19.130196,2.085117725,39.88871076,0
08-06-2023 10:00,18.80997057,2.028446886,38.15502623,1
08-06-2023 10:00,19.27826286,2.099740771,40.47935452,0
08-06-2023 12:00,18.639254,1.986114,37.01968332,1
08-06-2023 12:00,0.008382452,2.0502662,0.017186258,0
08-06-2023 13:00,18.699877,2.01358704,37.65382998,1
08-06-2023 13:00,18.8679462,2.09237216,39.47876535,0
08-06-2023 14:00,18.57679025,2.001521058,37.18183688,1
08-06-2023 14:00,18.70881042,2.073972217,38.80155301,0
08-06-2023 15:00,17.97635642,1.939597567,34.86689716,1
08-06-2023 15:00,17.89052175,1.99127275,35.62490844,0
08-06-2023 16:00,10.45155326,1.165871558,12.18516868,1
08-06-2023 16:00,10.00808339,1.146245193,11.47171747,0
08-06-2023 17:00,3.381608245,0.434966039,1.470884744,1
08-06-2023 17:00,3.266673664,0.424443975,1.386519953,0
08-06-2023 18:00,0.810331724,0.169107121,0.137032865,1
08-06-2023 18:00,0.812848028,0.161369624,0.131168981,0
08-06-2023 19:00,0.000210997,0.085542622,1.80E-05,1
08-06-2023 19:00,0.000161207,0.078485044,1.27E-05,0
08-06-2023 20:00,1.33E-05,0.0853881,1.14E-06,1
08-06-2023 20:00,1.36E-05,0.078544466,1.07E-06,0
08-06-2023 21:00,1.14E-05,0.085373428,9.76E-07,1
08-06-2023 21:00,1.15E-05,0.078633266,9.06E-07,0
08-06-2023 22:00,1.23E-05,0.08521175,1.05E-06,1
08-06-2023 22:00,1.25E-05,0.078358569,9.80E-07,0
08-06-2023 23:00,8.33E-06,0.085415244,7.12E-07,1
08-06-2023 23:00,8.40E-06,0.078230056,6.57E-07,0
09-06-2023 00:00,1.31E-05,0.085436341,1.12E-06,1
09-06-2023 00:00,1.48E-05,0.078407042,1.16E-06,0
09-06-2023 01:00,1.98E-05,0.085329411,1.69E-06,1
09-06-2023 01:00,2.01E-05,0.0783666,1.58E-06,0
09-06-2023 02:00,2.25E-05,0.085329345,1.92E-06,1
09-06-2023 02:00,2.32E-05,0.078403639,1.82E-06,0
09-06-2023 03:00,3.62E-05,0.085361069,3.09E-06,1
09-06-2023 03:00,3.65E-05,0.078236882,2.85E-06,0
09-06-2023 04:00,3.85E-05,0.085267843,3.28E-06,1
09-06-2023 04:00,3.87E-05,0.0781,3.02E-06,0
09-06-2023 05:00,0.080709433,0.093602435,0.007554599,1
09-06-2023 05:00,0.081707579,0.086668369,0.007081463,0
09-06-2023 06:00,3.936313678,0.490601127,1.931159927,1
09-06-2023 06:00,4.017585387,0.486688896,1.955314197,0
09-06-2023 07:00,12.10634306,1.331010171,16.11366574,1
09-06-2023 07:00,11.7704786,1.313191808,15.45689607,0
09-06-2023 08:00,18.51437292,1.993189133,36.90264691,1
09-06-2023 08:00,18.46139975,2.0538953,37.91778218,0
09-06-2023 09:00,19.13823333,2.061805992,39.45932416,1
09-06-2023 09:00,19.35947658,2.153361175,41.68794524,0
09-06-2023 10:00,19.04508809,2.054828582,39.13439135,1
09-06-2023 10:00,19.27223218,2.152610609,41.48561146,0
09-06-2023 11:00,19.00295162,2.050083038,38.95762879,1
09-06-2023 11:00,19.25812585,2.150345931,41.41163255,0
09-06-2023 12:00,18.8237845,2.027787742,38.17063946,1
09-06-2023 12:00,19.06373233,2.131336525,40.63122902,0
09-06-2023 13:00,18.67975458,2.011866058,37.58116422,1
09-06-2023 13:00,18.87841492,2.108978817,39.81417715,0
09-06-2023 14:00,13.270769,1.454835176,19.30678155,1
09-06-2023 14:00,13.26652202,1.489366134,19.75870861,0
09-06-2023 15:00,2.435543517,0.337783518,0.822686458,1
09-06-2023 15:00,2.706552533,0.32918248,0.890949675,0
09-06-2023 18:00,0.173201376,2.29E-05,3.96E-06,1
09-06-2023 18:00,0.179588382,2.25E-05,4.04E-06,0
09-06-2023 19:00,5.44E-05,1.48E-07,8.05E-12,1
09-06-2023 19:00,5.52E-05,4.08E-07,2.25E-11,0
09-06-2023 20:00,1.51E-05,-9.27E-08,-1.40E-12,1
09-06-2023 20:00,1.42E-05,3.61E-07,5.12E-12,0
09-06-2023 21:00,1.59E-05,1.11E-07,1.77E-12,1
09-06-2023 21:00,1.35E-05,4.17E-07,5.62E-12,0
09-06-2023 22:00,5.23E-06,9.27E-08,4.85E-13,1
09-06-2023 22:00,4.70E-06,3.24E-07,1.52E-12,0
09-06-2023 23:00,4.76E-06,7.41E-08,3.53E-13,1
09-06-2023 23:00,3.86E-06,3.80E-07,1.47E-12,0
10-06-2023 00:00,5.99E-06,1.21E-07,7.22E-13,1
10-06-2023 00:00,5.32E-06,3.24E-07,1.72E-12,0
10-06-2023 01:00,8.77E-06,1.30E-07,1.14E-12,1
10-06-2023 01:00,7.97E-06,3.89E-07,3.10E-12,0
10-06-2023 02:00,1.25E-05,1.48E-07,1.85E-12,1
10-06-2023 02:00,1.16E-05,5.38E-07,6.21E-12,0
10-06-2023 03:00,1.81E-05,1.30E-07,2.34E-12,1
10-06-2023 03:00,1.70E-05,3.89E-07,6.60E-12,0
10-06-2023 04:00,2.27E-05,1.48E-07,3.36E-12,1
10-06-2023 04:00,2.10E-05,6.76E-07,1.42E-11,0
10-06-2023 05:00,0.149901198,2.00E-05,2.99E-06,1
10-06-2023 05:00,0.143854329,2.00E-05,2.87E-06,0
10-06-2023 06:00,2.980033508,0.000389619,0.001161077,1
10-06-2023 06:00,2.979722681,0.000401338,0.001195875,0
10-06-2023 07:00,12.24650265,0.001596596,0.019552722,1
10-06-2023 07:00,12.09609268,0.001604156,0.01940402,0
10-06-2023 08:00,18.77824675,0.002445844,0.045928659,1
10-06-2023 08:00,18.7998305,0.002530054,0.047564591,0
10-06-2023 09:00,19.17613192,0.002503133,0.048000404,1
10-06-2023 09:00,19.39657,0.002607687,0.050580183,0
10-06-2023 10:00,19.18537283,0.002504207,0.04804415,1
10-06-2023 10:00,19.42946833,0.002624121,0.050985284,0
10-06-2023 11:00,19.03167642,0.002484197,0.04727843,1
10-06-2023 11:00,19.29744817,0.002607372,0.050315623,0
10-06-2023 12:00,18.78008042,0.002452616,0.046060323,1
10-06-2023 12:00,18.99883308,0.002568352,0.048795685,0
10-06-2023 13:00,18.86134967,0.002461389,0.046425115,1
10-06-2023 13:00,19.07699175,0.002579311,0.049205496,0
10-06-2023 14:00,18.75151467,0.002446548,0.045876479,1
10-06-2023 14:00,18.92941567,0.002557207,0.048406434,0
10-06-2023 15:00,18.22430392,0.002379068,0.043356863,1
10-06-2023 15:00,18.27831383,0.002470625,0.045158861,0
10-06-2023 16:00,16.34990845,0.002137392,0.034946161,1
10-06-2023 16:00,16.077925,0.002175139,0.034971716,0
10-06-2023 17:00,6.553020955,0.000596907,0.003911542,1
10-06-2023 17:00,6.590275756,0.000584692,0.003853282,0
13-06-2023 11:00,18.88354343,2.035928543,38.44554506,1
13-06-2023 11:00,19.19699186,2.1395918,41.07372636,0
13-06-2023 12:00,18.87203509,2.033932764,38.38445049,1
13-06-2023 12:00,19.13542264,2.1273071,40.70692044,0
14-06-2023 12:00,18.79200588,2.018317088,37.92822657,1
14-06-2023 12:00,19.08637162,2.140923325,40.8624582,0
14-06-2023 13:00,18.72581983,2.011403083,37.66517175,1
14-06-2023 13:00,18.97467567,2.11983555,40.22319203,0
14-06-2023 14:00,18.27454558,1.966268458,35.93266257,1
14-06-2023 14:00,18.38490817,2.057901825,37.83433607,0
14-06-2023 15:00,17.93805958,1.932272433,34.66121804,1
14-06-2023 15:00,17.93822617,2.011638483,36.08522608,0
14-06-2023 16:00,11.99209789,1.323141033,15.8672368,1
14-06-2023 16:00,11.29072524,1.298720742,14.66349906,0
14-06-2023 17:00,6.350770167,0.742665363,4.716497033,1
14-06-2023 17:00,5.963398525,0.727267892,4.336988272,0
14-06-2023 18:00,0.845602546,0.17223354,0.14564112,1
14-06-2023 18:00,0.795090164,0.16410225,0.130476085,0
14-06-2023 19:00,0.000168995,0.08444028,1.43E-05,1
14-06-2023 19:00,0.000159116,0.077537089,1.23E-05,0
14-06-2023 20:00,9.51E-06,0.084477027,8.04E-07,1
14-06-2023 20:00,7.45E-06,0.077485328,5.77E-07,0
14-06-2023 21:00,7.28E-06,0.084403665,6.15E-07,1
14-06-2023 21:00,5.58E-06,0.077492656,4.32E-07,0
14-06-2023 22:00,6.21E-06,0.084565127,5.25E-07,1
14-06-2023 22:00,4.49E-06,0.077470473,3.48E-07,0
14-06-2023 23:00,5.23E-06,0.084454952,4.42E-07,1
14-06-2023 23:00,3.55E-06,0.077485261,2.75E-07,0
15-06-2023 00:00,5.03E-06,0.084741591,4.26E-07,1
15-06-2023 00:00,3.56E-06,0.077603706,2.76E-07,0
15-06-2023 01:00,5.23E-06,0.084748796,4.44E-07,1
15-06-2023 01:00,3.47E-06,0.077537023,2.69E-07,0
15-06-2023 02:00,5.12E-06,0.084609276,4.33E-07,1
15-06-2023 02:00,3.97E-06,0.077655533,3.09E-07,0
15-06-2023 03:00,5.42E-06,0.08459467,4.59E-07,1
15-06-2023 03:00,4.06E-06,0.077551945,3.15E-07,0
15-06-2023 04:00,6.12E-06,0.084690238,5.18E-07,1
15-06-2023 04:00,4.74E-06,0.077700034,3.69E-07,0
15-06-2023 05:00,0.176419857,0.10291898,0.018156952,1
15-06-2023 05:00,0.166739078,0.095777332,0.015969824,0
15-06-2023 06:00,3.054887917,0.401198339,1.225615959,1
15-06-2023 06:00,2.961983725,0.399988336,1.184758941,0
15-06-2023 07:00,12.25306773,1.349936847,16.54086761,1
15-06-2023 07:00,11.65725887,1.331572548,15.52248589,0
15-06-2023 08:00,18.51021525,1.990103375,36.83724184,1
15-06-2023 08:00,18.50734483,2.065551808,38.22787959,0
15-06-2023 09:00,18.91525833,2.031373217,38.42394916,1
15-06-2023 09:00,19.16201133,2.135631892,40.92300251,0
15-06-2023 10:00,18.84607158,2.024415358,38.15227676,1
15-06-2023 10:00,19.17115958,2.14265235,41.07713013,0
15-06-2023 11:00,18.67686558,2.007604733,37.49576375,1
15-06-2023 11:00,19.01736142,2.131603167,40.53746782,0
15-06-2023 12:00,18.60747592,2.00000755,37.21509232,1
15-06-2023 12:00,18.90121158,4.075065408,77.0236735,0
15-06-2023 13:00,18.56166033,1.993982742,37.01163036,1
15-06-2023 13:00,18.83658058,4.937480858,93.00525607,0
15-06-2023 14:00,15.78085618,1.709287737,26.97402393,1
15-06-2023 14:00,15.62421096,4.090824617,63.9159068,0
15-06-2023 15:00,14.52780913,1.581363634,22.97374903,1
15-06-2023 15:00,14.29326154,3.744475008,53.52076063,0
15-06-2023 16:00,16.06888463,1.738802225,27.94061235,1
15-06-2023 16:00,15.84103408,4.133429817,65.47780257,0
15-06-2023 17:00,7.079247608,0.816527938,5.780403455,1
15-06-2023 17:00,7.034829633,1.853881533,13.04174075,0
15-06-2023 18:00,1.240027029,0.212945148,0.264057739,1
15-06-2023 18:00,1.227305732,0.382592326,0.469557755,0
15-06-2023 19:00,0.000221468,0.084425673,1.87E-05,1
15-06-2023 19:00,0.000221062,0.077285212,1.71E-05,0
15-06-2023 20:00,1.47E-05,0.084403533,1.24E-06,1
15-06-2023 20:00,1.29E-05,0.077492656,9.98E-07,0
15-06-2023 21:00,9.98E-06,0.084653359,8.45E-07,1
15-06-2023 21:00,8.38E-06,0.077396461,6.49E-07,0
15-06-2023 22:00,6.09E-06,0.084455018,5.14E-07,1
15-06-2023 22:00,4.66E-06,0.077559206,3.61E-07,0
15-06-2023 23:00,4.71E-06,0.084557857,3.98E-07,1
15-06-2023 23:00,3.67E-06,0.077426039,2.84E-07,0
16-06-2023 00:00,4.54E-06,0.084528512,3.84E-07,1
16-06-2023 00:00,3.53E-06,0.077418711,2.73E-07,0
16-06-2023 01:00,4.60E-06,0.084587268,3.89E-07,1
16-06-2023 01:00,3.58E-06,0.077329778,2.77E-07,0
16-06-2023 02:00,4.32E-06,0.084484363,3.65E-07,1
16-06-2023 02:00,3.52E-06,0.077537089,2.73E-07,0
16-06-2023 03:00,4.21E-06,0.084624014,3.57E-07,1
16-06-2023 03:00,3.50E-06,0.077440828,2.71E-07,0
16-06-2023 04:00,4.67E-06,0.084712181,3.96E-07,1
16-06-2023 04:00,3.76E-06,0.07750005,2.92E-07,0
16-06-2023 05:00,0.118357907,0.09711448,0.011494267,1
16-06-2023 05:00,0.118492965,0.107115555,0.01269244,0
16-06-2023 06:00,2.670300526,0.361118567,0.964295098,1
16-06-2023 06:00,2.750277783,0.762267277,2.096446755,0
16-06-2023 07:00,12.05161783,1.326851553,15.99070784,1
16-06-2023 07:00,11.65074924,3.049294592,35.52656665,0
16-06-2023 08:00,18.68140267,2.002814275,37.41537994,1
16-06-2023 08:00,18.68356933,4.930112183,92.1120928,0
16-06-2023 09:00,18.87011833,2.023247117,38.17891251,1
16-06-2023 09:00,19.02841675,4.546712017,86.5167311,0
16-06-2023 10:00,18.92125833,2.029911258,38.40847531,1
16-06-2023 10:00,19.1812245,3.208197975,61.5371656,0
16-06-2023 11:00,18.85285875,2.021990667,38.12030443,1
16-06-2023 11:00,19.12774242,3.598605217,68.83319364,0
16-06-2023 12:00,18.73593117,2.009632433,37.65233494,1
16-06-2023 12:00,19.00740775,3.475322033,66.05686295,0
16-06-2023 13:00,18.62414267,1.997384492,37.19957373,1
16-06-2023 13:00,18.89417425,3.600079142,68.02052262,0
16-06-2023 14:00,16.1004775,1.73900045,27.99873762,1
16-06-2023 14:00,15.87503008,3.0506058,48.42845885,0
16-06-2023 15:00,14.33865625,1.560143842,22.37036625,1
16-06-2023 15:00,13.69814742,2.653504658,36.34809798,0
16-06-2023 16:00,10.22190934,1.138723159,11.6399249,1
16-06-2023 16:00,9.613298692,1.8974862,18.2411016,0
16-06-2023 17:00,4.007937385,0.499314524,2.001221348,1
16-06-2023 17:00,3.759145457,0.824571444,3.099683998,0
16-06-2023 18:00,0.425408169,0.128788713,0.054787771,1
16-06-2023 18:00,0.40592157,0.167760636,0.068097661,0
16-06-2023 19:00,0.000163851,0.0846755,1.39E-05,1
16-06-2023 19:00,0.000157669,0.0777889,1.23E-05,0
16-06-2023 20:00,2.85E-05,0.08452838,2.41E-06,1
16-06-2023 20:00,2.68E-05,0.077618495,2.08E-06,0
16-06-2023 21:00,2.33E-05,0.084455084,1.97E-06,1
16-06-2023 21:00,2.17E-05,0.077544617,1.69E-06,0
16-06-2023 22:00,1.74E-05,0.084602006,1.47E-06,1
16-06-2023 22:00,1.60E-05,0.077314989,1.24E-06,0
16-06-2023 23:00,1.25E-05,0.084550454,1.06E-06,1
16-06-2023 23:00,1.16E-05,0.077485262,8.96E-07,0
17-06-2023 00:00,1.00E-05,0.084601874,8.50E-07,1
17-06-2023 00:00,8.65E-06,0.077625956,6.71E-07,0
17-06-2023 01:00,8.34E-06,0.084587267,7.05E-07,1
17-06-2023 01:00,7.53E-06,0.077477934,5.83E-07,0
17-06-2023 02:00,4.70E-06,0.084726787,3.98E-07,1
17-06-2023 02:00,3.66E-06,0.0775223,2.84E-07,0
17-06-2023 03:00,4.59E-06,0.084763666,3.89E-07,1
17-06-2023 03:00,3.87E-06,0.077692706,3.01E-07,0
17-06-2023 04:00,4.43E-06,0.084719583,3.75E-07,1
17-06-2023 04:00,3.63E-06,0.077825939,2.83E-07,0
17-06-2023 05:00,0.107750232,0.095843273,0.010327135,1
17-06-2023 05:00,0.103536299,0.100094891,0.010363455,0
17-06-2023 06:00,2.385533023,0.331457488,0.790702782,1
17-06-2023 06:00,2.318421343,0.579376353,1.343238501,0
17-06-2023 07:00,10.99798674,1.218441671,13.40040534,1
17-06-2023 07:00,10.50454207,2.343435292,24.6167146,0
17-06-2023 08:00,16.98916753,1.830284132,31.09500373,1
17-06-2023 08:00,16.84968669,3.725997883,62.78189695,0
17-06-2023 09:00,18.20744292,1.954402625,35.58467423,1
17-06-2023 09:00,18.2968515,4.067504092,74.42251834,0
17-06-2023 10:00,18.74757025,2.009221208,37.66801575,1
17-06-2023 10:00,19.1227885,4.255497858,81.37698551,0
17-06-2023 11:00,18.54719733,1.989206958,36.89421399,1
17-06-2023 11:00,18.92948975,4.216965642,79.82500789,0
17-06-2023 12:00,18.45759425,1.980162383,36.54903382,1
17-06-2023 12:00,18.81925675,4.193682183,78.92198174,0
17-06-2023 13:00,17.93533708,1.927283692,34.56648267,1
17-06-2023 13:00,18.125673,4.046671742,73.34864873,0
17-06-2023 14:00,16.82879342,1.813532075,30.51955664,1
17-06-2023 14:00,16.51119658,3.698500525,61.06666923,0
17-06-2023 15:00,12.28934058,1.348996008,16.57827139,1
17-06-2023 15:00,11.40310592,2.58209145,29.44386229,0
17-06-2023 16:00,9.467330467,1.060539884,10.04048156,1
17-06-2023 16:00,8.778353817,2.008157417,17.62831632,0
17-06-2023 17:00,4.387627142,0.537454506,2.358149977,1
17-06-2023 17:00,4.0601321,0.973462756,3.952387383,0
17-06-2023 18:00,0.902787503,0.177766138,0.160485048,1
17-06-2023 18:00,0.838240412,0.262323928,0.219890517,0
17-06-2023 19:00,7.08E-05,0.084602072,5.99E-06,1
17-06-2023 19:00,6.56E-05,0.077529695,5.08E-06,0
17-06-2023 20:00,1.43E-05,0.084616612,1.21E-06,1
17-06-2023 20:00,1.26E-05,0.077426039,9.74E-07,0
17-06-2023 21:00,1.63E-05,0.084675302,1.38E-06,1
17-06-2023 21:00,1.43E-05,0.077692639,1.11E-06,0
17-06-2023 22:00,1.46E-05,0.084411001,1.23E-06,1
17-06-2023 22:00,1.28E-05,0.077492789,9.94E-07,0
17-06-2023 23:00,1.30E-05,0.084454952,1.10E-06,1
17-06-2023 23:00,1.10E-05,0.077551945,8.55E-07,0
18-06-2023 00:00,9.30E-06,0.084337441,7.84E-07,1
18-06-2023 00:00,7.69E-06,0.077351895,5.95E-07,0
18-06-2023 01:00,5.89E-06,0.084697442,4.99E-07,1
18-06-2023 01:00,4.74E-06,0.077403723,3.67E-07,0
18-06-2023 02:00,9.11E-06,0.084337375,7.68E-07,1
18-06-2023 02:00,7.61E-06,0.077536956,5.90E-07,0
18-06-2023 03:00,1.30E-05,0.084506437,1.10E-06,1
18-06-2023 03:00,1.16E-05,0.077699967,9.03E-07,0
18-06-2023 04:00,1.18E-05,0.084623948,1.00E-06,1
18-06-2023 04:00,1.06E-05,0.077685178,8.22E-07,0
18-06-2023 05:00,0.02900943,0.087614332,0.002541642,1
18-06-2023 05:00,0.02716259,0.08364677,0.002272063,0
18-06-2023 06:00,1.555848009,0.245368794,0.38175655,1
18-06-2023 06:00,1.440718239,0.394804428,0.56880194,0
18-06-2023 07:00,3.94488435,0.491915825,1.94055104,1
18-06-2023 07:00,3.647233708,0.880521312,3.211467009,0
18-06-2023 08:00,2.163861242,0.308048876,0.666575023,1
18-06-2023 08:00,2.003468375,0.518509045,1.038816474,0
18-06-2023 09:00,2.695081617,0.363021678,0.978373049,1
18-06-2023 09:00,2.504468142,0.628594618,1.574295196,0
18-06-2023 10:00,4.086682108,0.506705886,2.070745878,1
18-06-2023 10:00,3.810587375,0.915091113,3.48703464,0
18-06-2023 11:00,8.289514692,0.940014474,7.792263794,1
18-06-2023 11:00,7.712540275,1.770634208,13.65608764,0
18-06-2023 12:00,16.05231125,1.733820633,27.83182846,1
18-06-2023 12:00,15.46868458,3.446092033,53.30651071,0
18-06-2023 13:00,16.82544125,1.811247008,30.47503013,1
18-06-2023 13:00,16.22874767,3.608461833,58.56081656,0
18-06-2023 14:00,17.3644955,1.866102367,32.40392615,1
18-06-2023 14:00,17.06050067,3.787472675,64.6161801,0
18-06-2023 15:00,13.912317,1.512092133,21.03670509,1
18-06-2023 15:00,13.02669358,2.915547767,37.97994738,0
18-06-2023 16:00,10.66568558,1.182160364,12.60855075,1
18-06-2023 16:00,9.870665908,2.2356233,22.06709069,0
18-06-2023 17:00,5.424394525,0.644475684,3.495890373,1
18-06-2023 17:00,5.013649483,1.178563532,5.908904442,0
18-06-2023 18:00,0.833042552,0.17088157,0.142351619,1
18-06-2023 18:00,0.77333831,0.247401527,0.191325079,0
18-06-2023 19:00,0.000116253,0.084704911,9.85E-06,1
18-06-2023 19:00,0.000107923,0.077618561,8.38E-06,0
18-06-2023 20:00,3.04E-05,0.084712115,2.58E-06,1
18-06-2023 20:00,2.78E-05,0.077774045,2.16E-06,0
18-06-2023 21:00,2.50E-05,0.084756264,2.12E-06,1
18-06-2023 21:00,2.23E-05,0.0777001,1.73E-06,0
18-06-2023 22:00,1.72E-05,0.084704778,1.46E-06,1
18-06-2023 22:00,1.52E-05,0.077677717,1.18E-06,0
18-06-2023 23:00,1.23E-05,0.084704844,1.04E-06,1
18-06-2023 23:00,1.06E-05,0.077640811,8.25E-07,0
19-06-2023 00:00,1.49E-05,0.084947335,1.27E-06,1
19-06-2023 00:00,1.35E-05,0.077544417,1.05E-06,0
19-06-2023 01:00,1.45E-05,0.0846755,1.23E-06,1
19-06-2023 01:00,1.28E-05,0.077707495,9.98E-07,0
19-06-2023 02:00,1.62E-05,0.084756198,1.37E-06,1
19-06-2023 02:00,1.45E-05,0.077588983,1.13E-06,0
19-06-2023 03:00,1.50E-05,0.084646089,1.27E-06,1
19-06-2023 03:00,1.34E-05,0.077685311,1.04E-06,0
19-06-2023 04:00,1.37E-05,0.08475633,1.16E-06,1
19-06-2023 04:00,1.21E-05,0.077840728,9.43E-07,0
19-06-2023 05:00,0.009785222,0.085792251,0.000839496,1
19-06-2023 05:00,0.009221665,0.079773544,0.000735645,0
19-06-2023 06:00,0.669018584,0.153784448,0.102884654,1
19-06-2023 06:00,0.626644763,0.215845746,0.135258606,0
19-06-2023 07:00,0.619643495,0.148648663,0.092109177,1
19-06-2023 07:00,0.581206979,0.206270202,0.119885681,0
19-06-2023 08:00,1.283069008,0.21733152,0.278851338,1
19-06-2023 08:00,1.198538698,0.342986718,0.411082855,0
19-06-2023 09:00,5.687495792,0.671866515,3.821237977,1
19-06-2023 09:00,5.3141634,1.253020053,6.658753302,0
19-06-2023 10:00,7.468389658,0.855057348,6.385901458,1
19-06-2023 10:00,6.989186275,1.623423567,11.34640971,0
19-06-2023 11:00,6.691612717,0.775059597,5.186398653,1
19-06-2023 11:00,6.265198517,1.464912133,9.177965325,0
19-06-2023 12:00,15.18176183,1.643778933,24.95546027,1
19-06-2023 12:00,14.40566468,3.249618967,46.81292118,0
19-06-2023 13:00,13.60316425,1.482453067,20.16605256,1
19-06-2023 13:00,12.83173692,2.903854025,37.26149089,0
19-06-2023 14:00,13.2750025,1.449213792,19.23831671,1
19-06-2023 14:00,12.34772568,2.801633075,34.59379668,0
19-06-2023 15:00,5.597795442,0.662557493,3.708861316,1
19-06-2023 15:00,5.224081317,1.226115576,6.405327472,0
19-06-2023 16:00,4.880388867,0.588915197,2.874135169,1
19-06-2023 16:00,4.558096308,1.041883863,4.749006987,0
19-06-2023 17:00,1.841327221,0.275198938,0.506731295,1
19-06-2023 17:00,1.725672808,0.459552229,0.793036786,0
19-06-2023 18:00,0.129439469,0.098238565,0.012715948,1
19-06-2023 18:00,0.121602422,0.105501101,0.012829189,0
19-06-2023 19:00,5.44E-05,0.084888513,4.62E-06,1
19-06-2023 19:00,5.10E-05,0.0777001,3.97E-06,0
19-06-2023 20:00,3.35E-05,0.084704779,2.84E-06,1
19-06-2023 20:00,3.14E-05,0.077870306,2.44E-06,0
19-06-2023 21:00,2.23E-05,0.085020763,1.90E-06,1
19-06-2023 21:00,2.08E-05,0.077537089,1.61E-06,0
19-06-2023 22:00,1.65E-05,0.085028099,1.40E-06,1
19-06-2023 22:00,1.51E-05,0.077729611,1.18E-06,0
19-06-2023 23:00,1.43E-05,0.084770936,1.21E-06,1
19-06-2023 23:00,1.32E-05,0.077774044,1.02E-06,0
20-06-2023 00:00,1.24E-05,0.08484443,1.06E-06,1
20-06-2023 00:00,1.12E-05,0.077848189,8.74E-07,0
20-06-2023 01:00,1.36E-05,0.084903185,1.15E-06,1
20-06-2023 01:00,1.26E-05,0.078018528,9.79E-07,0
20-06-2023 02:00,2.25E-05,0.084866439,1.91E-06,1
20-06-2023 02:00,2.04E-05,0.077677784,1.58E-06,0
20-06-2023 03:00,1.82E-05,0.085130937,1.55E-06,1
20-06-2023 03:00,1.68E-05,0.077974161,1.31E-06,0
20-06-2023 04:00,1.34E-05,0.084939933,1.14E-06,1
20-06-2023 04:00,1.23E-05,0.077818478,9.57E-07,0
20-06-2023 05:00,0.081953018,0.093345404,0.007649938,1
20-06-2023 05:00,0.077008356,0.096044131,0.007396201,0
20-06-2023 06:00,1.3983409,0.229535279,0.320968569,1
20-06-2023 06:00,1.313393942,0.390368356,0.512707434,0
20-06-2023 07:00,6.7016902,0.777013989,5.207307036,1
20-06-2023 07:00,6.25937795,1.575760269,9.863279083,0
20-06-2023 08:00,7.490562742,0.85714405,6.420491285,1
20-06-2023 08:00,7.0048,1.757318558,12.30966504,0
20-06-2023 09:00,4.51102565,0.550900193,2.485124899,1
20-06-2023 09:00,4.225169742,1.096841543,4.6343417,0
20-06-2023 10:00,3.0405118,0.399177783,1.213704761,1
20-06-2023 10:00,2.857711367,0.76860653,2.196455617,0
